main_photo,name,type,category_l2,category_l4,is_markup,target,stratify_column,__index_level_0__,
https://cdn1.ozone.ru/s3/multimedia-d/6564759805.jpg,Фильтр АКПП HYUNDAI GETZ 02-10/ELANTRA 1.8 00-06/MATRIX 1.6 01-08/KIA RIO 1.4 05-11/CERATO 1.6 04-06,Ремкомплект.двигателя.мототехники,,,false,0,nan_False_0,6762112,
https://cdn1.ozone.ru/s3/multimedia-r/6700269015.jpg,"Масло оливковое Urzante Light рафинированное, с добавлением оливкового нерафинированного, 250 мл",Растительное.масло,,,false,1,nan_False_1,2248350,
https://cdn1.ozone.ru/multimedia/1026904772.jpg,Свитшот Reebok Cl A Crew,Оповещатель,,,false,0,nan_False_0,2940012,
https://cdn1.ozone.ru/s3/multimedia-1-r/7000802343.jpg,Клин съемник для снятия пластика в авто,Съемник,,,false,1,nan_False_1,7671340,
https://cdn1.ozone.ru/s3/multimedia-1-u/7120280262.jpg,HXD Пыльник,Олимпийка,,,false,0,nan_False_0,795605,
https://cdn1.ozone.ru/s3/multimedia-1-d/7196434393.jpg,Кроссовки Air Jordan JT 2 Баскетбольная обувь Oрганизация 2 Jayson Tatum 2 xiaoye,Моноласта,Обувь,Кроссовки,true,0,Обувь_True_0,230835,
https://cdn1.ozone.ru/s3/multimedia-1-o/7257717204.jpg,Подарочный праздничный пакет на День рождения 14 февра,Пакет.подарочный,,,true,1,nan_True_1,934908,
https://cdn1.ozone.ru/s3/multimedia-1-r/7110647919.jpg,Подвесной держатель для медалей,Стеллаж.для.игрушек,Дом и сад,Ящик для игрушек,true,0,Дом и сад_True_0,150710,
https://cdn1.ozone.ru/s3/multimedia-y/6586190962.jpg,Свидетельство о венчании в твердом переплете с тиснением,Сменный.блок.для.когтеточек,,,false,0,nan_False_0,559188,
https://cdn1.ozone.ru/s3/multimedia-j/6808504267.jpg,"Силиконовая скатерть прозрачная на стол, клеенка прямоугольная ПВХ 160х120 см",Трость-стул,,,false,0,nan_False_0,6055908,
https://cdn1.ozone.ru/s3/multimedia-w/6666491192.jpg,Отпариватель для одежды вертикальный GALAXY LINE GL6214,Скульптор.для.лица,,,false,0,nan_False_0,2218294,
https://cdn1.ozone.ru/s3/multimedia-8/6649327016.jpg,Кроссовки adidas,Кроссовки,Обувь,Кроссовки,false,1,Обувь_False_1,755744,
https://cdn1.ozone.ru/s3/multimedia-w/6448202876.jpg,"Набор для глинтвейна, смесь для глинтвейна, глёг, грог",Набор.для.приготовления.настойки,Продукты питания,"Смесь приправ, специй и трав",true,1,Продукты питания_True_1,419457,
https://cdn1.ozone.ru/multimedia/1009939260.jpg,"Inakustik Аудиокабель, 10 м",Стойка.стабилизатора,,,false,0,nan_False_0,3079380,
https://cdn1.ozone.ru/s3/multimedia-z/6842301047.jpg,Наушники меховые Curtine Мишка,Амбушюры.для.наушников,,,false,0,nan_False_0,7360032,
https://cdn1.ozone.ru/s3/multimedia-1-y/7064747350.jpg,"Трубка стеклоомывателя2шт, Honda Бачок арт. 76802-SJD-003-76802-SJD-003,",Трансивер,,,false,0,nan_False_0,5197438,
https://cdn1.ozone.ru/s3/multimedia-4/6454795960.jpg,"Багажник Атлант для Ford Connect / Форд Коннект Минивэн 2008-н.в. на рейлинги - аэродинамическая дуга, серебристая - без замка",Багажный.бокс.(автобокс),Автотовары,Багажный бокс (автобокс),true,1,Автотовары_True_1,806916,
https://cdn1.ozone.ru/s3/multimedia-1-9/7228418121.jpg,"Кружка латте керамическая большая для чая и кофе с прикольным принтом ""Горный велосипедист, который принимает перерыв в своем путешествии на высоте"" 480 мл.",Кружка,Дом и сад,Кружка,false,1,Дом и сад_False_1,504507,
https://cdn1.ozone.ru/s3/multimedia-1-e/7211602022.jpg,"Фотообои моющиеся ударопрочные ""Космос в стиле графити с изображением машин времени и технологий будущего, выполненных в ярком и красочном стиле"" 600x300 см. флизелиновые на стену",Фотообои,Строительство и ремонт,Фотообои,false,1,Строительство и ремонт_False_1,908607,
https://cdn1.ozone.ru/s3/multimedia-1-o/7227448548.jpg,Деревянная игрушка-горка для хомячка,Подарочный.набор.игрушек,Детские товары,Подарочный набор игрушек,false,1,Детские товары_False_1,741539,
https://cdn1.ozone.ru/s3/multimedia-1-x/7041048153.jpg,"Колодки тормозные дисковые передние для Хендай i30 2 2012-2017, Hyundai i30 2 колодки тормозные дисковые передние STELLOX 000 436B-SX, oem 58101A6A70",Колодки.тормозные,Автотовары,Тормозные колодки дисковые и барабанные,false,1,Автотовары_False_1,288424,
https://cdn1.ozone.ru/s3/multimedia-1-n/7171137239.jpg,Крышки фар Hyundai TUCSON 2004-2010 удлиненные под светодиодные LED лампы,Средство.для.долговременной.укладки.волос,,,false,0,nan_False_0,6087387,
https://cdn1.ozone.ru/s3/multimedia-1-e/7151219150.jpg,Подсветка для телевизора Philips 55PFL5537H_12 1x80-676мм,Корпусная.деталь.для.СВЧ,Электроника,Запчасти для телевизоров,true,0,Электроника_True_0,810333,
https://cdn1.ozone.ru/s3/multimedia-1-6/7236114198.jpg,The Tragedy of Eva Mott David Adams Richards 9780385696319,Печатная.книга:.Молодежная.художественная.литература,Книги,Печатная книга: Молодежная художественная литература (Young Adult),false,1,Книги_False_1,886029,
https://cdn1.ozone.ru/multimedia/1010652425.JPG,Fissman Топорик кухонный,Топорик.кухонный,,,false,1,nan_False_1,2008836,
https://cdn1.ozone.ru/s3/multimedia-4/6514148224.jpg,"Концентрат квасного сусла, 0.65кг. На 25 литров кваса",Штифт.крепления.автомобильный,,,false,0,nan_False_0,478193,
https://cdn1.ozone.ru/s3/multimedia-v/6382824499.jpg,Накладной замок невидимка Selock Hook с возможностью установки на раздвижные двери,Шланг.для.заправки,,,false,0,nan_False_0,6333677,
https://cdn1.ozone.ru/s3/multimedia-1-q/7021926026.jpg,"Решетка газонная пластиковая Gidrolica Eco Standart зеленая C250 700х400х32,8 мм",Тестер.жесткости.воды,,,false,0,nan_False_0,886159,
https://cdn1.ozone.ru/s3/multimedia-1-f/7080253467.jpg,"Фильтр воздушный для Ауди А3 8V 2012-2020, Audi A3 8V фильтр воздушный FILTRON AP 139/5, oem 5Q0129620B",Фильтр.воздушный,Автотовары,Автофильтры,false,1,Автотовары_False_1,240796,
https://cdn1.ozone.ru/s3/multimedia-1-9/7158343869.jpg,Пуховик Nike,Курс.по.заработку.в.сети,Одежда,Пуховик,true,0,Одежда_True_0,863975,
https://cdn1.ozone.ru/s3/multimedia-1-u/7182077322.jpg,Тенденция ретро кожаные амортизирующие нескользящие износостойкие потопоглощающие повседневные кроссовки с низким верхом-Mizuno Speed 2K,Фиксатор,Обувь,Кроссовки,true,0,Обувь_True_0,145487,
https://cdn1.ozone.ru/s3/multimedia-1-q/7146949886.jpg,"Крышка бачка охлаждающей жидкости Renault Cabriolet, Chamade, Clio, Espace, Laguna, Megane, Spider, Trafic (Рено Кабриолет, Чамад, Клио, Эспейс, Лагуна, Меган, Спайдер, Трафик)",Мотор.стеклоочистителя.для.грузовика,Автотовары,Система очистки стекол и фар грузовика,false,0,Автотовары_False_0,540934,
https://cdn1.ozone.ru/s3/multimedia-1-9/7144466661.jpg,"Модульная картина на холсте ""Осень поросший мхом камень у дерева, покрытого листьями"" триптих на подрамнике 280х175 см. для интерьера",Картина,Дом и сад,Картина,false,1,Дом и сад_False_1,936552,
https://cdn1.ozone.ru/s3/multimedia-1-2/7211596862.jpg,"Фотообои моющиеся ударопрочные на кухню ""С морозными пейзажами и горячими напитками"" 400x300 см. флизелиновые на стену",Фотообои,Строительство и ремонт,Фотообои,false,1,Строительство и ремонт_False_1,81265,
https://cdn1.ozone.ru/s3/multimedia-s/6583152520.jpg,Шланги для ремонта переднего и заднего контуров автокондиционера на автомобиль Митсубиси Паджеро 4го поколения,Шланг.охладителя.наддува.воздуха,,,false,1,nan_False_1,760173,
https://cdn1.ozone.ru/s3/multimedia-1-e/6930193910.jpg,Инструмент для резки труб,Нож.канцелярский,Канцелярские товары,Нож канцелярский,true,0,Канцелярские товары_True_0,673032,
https://cdn1.ozone.ru/s3/multimedia-1-e/7036478690.jpg,"Диск тормозной задний для Хендай i40 2011-2020, Hyundai i40 диск тормозной задний BREMBO 08.C250.21, oem 584113Z100",Диск.тормозной,Автотовары,Тормозные диски и барабаны,false,1,Автотовары_False_1,315985,
https://cdn1.ozone.ru/s3/multimedia-1-e/7077568262.jpg,Походный туристический набор ложка вилка мультитул 4 в 1 зеленый,Подставка.под.компьютерную.мышь,Спорт и отдых,"Столовые приборы для туризма, пикника",true,0,Спорт и отдых_True_0,886736,
https://cdn1.ozone.ru/s3/multimedia-1-8/6964186580.jpg,"Беспроводные спортивные наушники, HD-звонки 48 часов игрового времени с сенсорным управлением и заушными крючками для бега/работы/игр",Bluetooth-гарнитура,,,false,1,nan_False_1,2835925,
https://cdn1.ozone.ru/s3/multimedia-1-z/7049019491.jpg,"Материнская плата BN41-02528A BN94-11057A, для телевизора Samsung UE55KU6470U",Помощь.на.дороге,Электроника,Запчасти для телевизоров,true,0,Электроника_True_0,439993,
https://cdn1.ozone.ru/s3/multimedia-1-a/7213615714.jpg,"Фотообои моющиеся ударопрочные ""Абстракция в стиле импрессионизм, изображающие утренний туман в долине с восходящим солнцем и яркими цветами"" 300x300 см. флизелиновые на стену",Фотообои,Строительство и ремонт,Фотообои,false,1,Строительство и ремонт_False_1,210228,
https://cdn1.ozone.ru/s3/multimedia-1-3/7121954847.jpg,4ШТ 12633784 Топливная форсунка Common Rail Инжектор для 2010-2017 CHEVROLET-BUICK-GMC 2.4L,Жилет.для.очков.виртуальной.реальности,Автотовары,Расходные материалы,true,0,Автотовары_True_0,212409,
https://cdn1.ozone.ru/s3/multimedia-1-j/7178305735.jpg,Амортизатор KIA CEED 06 перправгаз,Мика.косметическая,Автотовары,Автозапчасти подвески,true,0,Автотовары_True_0,399379,
https://cdn1.ozone.ru/s3/multimedia-v/6354257923.jpg,Шины Continental SportContact 5 FR 245/40 R20 95W,Шины.для.легковых.автомобилей,Автотовары,Шины,false,1,Автотовары_False_1,764284,
https://cdn1.ozone.ru/s3/multimedia-1-q/7198047746.jpg,"Фотообои моющиеся ударопрочные ""Цветы в стиле витражный портрет, витражные цветы, чувство покоя, оазис в интерьере"" 400x300 см. флизелиновые на стену",Фотообои,Строительство и ремонт,Фотообои,false,1,Строительство и ремонт_False_1,842084,
https://cdn1.ozone.ru/s3/multimedia-j/6075178495.jpg,"Литий-ионный аккумулятор 3000 мАч - 12 вольт, для видеокамер, аккумулятор 12 вольт литий ионный,  зарядка литий ионных аккумуляторов 12 вольт",Аксессуар.для.хранения.дисков,,,false,0,nan_False_0,333606,
https://cdn1.ozone.ru/s3/multimedia-1-u/7101052770.jpg,"Худи на молнии ""Legend"" розовое",Худи,Одежда,"Толстовка, худи, свитшот",false,1,Одежда_False_1,313010,
https://cdn1.ozone.ru/s3/multimedia-1-x/7042284969.jpg,"Фильтр масляный для Фиат Крома 2005-2011, Fiat Croma фильтр масляный STELLOX 20-50715-SX, oem 55577033",Фильтр.масляный,Автотовары,Автофильтры,false,1,Автотовары_False_1,630946,
https://cdn1.ozone.ru/s3/multimedia-1-w/7098089540.jpg,Подсветка для телевизора Hyundai H-LED40F451BS2,Блок.питания.для.телевизора,Электроника,Запчасти для телевизоров,true,0,Электроника_True_0,875486,
https://cdn1.ozone.ru/multimedia/1023284482.jpg,"К.В. Глюк. ""Орфей и Эвридика"" (опера в 3-х действиях) (2 LP)",Пластинка.виниловая.винтажная,,,false,1,nan_False_1,2613209,
https://cdn1.ozone.ru/s3/multimedia-1-u/7230591570.jpg,"Картина на холсте ""Пионы в стиле ретро, оформленные в бордовой и золотой палитре, создающие теплоту и уют, как будто перенесенные из старой сказки"" на подрамнике 175х75 см. для интерьера",Картина,Дом и сад,Картина,false,1,Дом и сад_False_1,621109,
https://cdn1.ozone.ru/s3/multimedia-s/6582907504.jpg,Светильник декоративный,Светильник.для.декоративных.птиц,Строительство и ремонт,Светильник для дома,true,0,Строительство и ремонт_True_0,222822,
https://cdn1.ozone.ru/s3/multimedia-c/6722571108.jpg,"Веник узбекский из сорго 5ти-прошивной 4х-лучевой, ручная работа, 90-95 см",Курс.по.разработке.приложений,Дом и сад,Веник,true,0,Дом и сад_True_0,654609,
https://cdn1.ozone.ru/s3/multimedia-1-g/6907954804.jpg,"Багажник Атлант в распор для NISSAN Terrano II (R20) 1993-2006, на классические рейлинги с просветом, крыловидная дуга (790:790)",Комплект.багажника,Автотовары,Багажный бокс (автобокс),true,1,Автотовары_True_1,758695,
https://cdn1.ozone.ru/s3/multimedia-1-s/7063322932.jpg,"Колодки тормозные дисковые передние для Фольксваген Поло 1999-2001, Volkswagen Polo колодки тормозные дисковые передние HI-Q SP1857A, oem 6N0698151C",Колодки.тормозные,Автотовары,Тормозные колодки дисковые и барабанные,false,1,Автотовары_False_1,773298,
https://cdn1.ozone.ru/s3/multimedia-1-l/6955750317.jpg,"Заклепочник одноручный КОБАЛЬТ 260 мм, заклепки 2,4-3,2-4,0-4,8 мм, блистер",Заклепочник,,,false,1,nan_False_1,4456130,
https://cdn1.ozone.ru/s3/multimedia-1-9/7206974685.jpg,Букет из 25 белых пионовидных роз White O'Hara 40 см в кремовой пленке,Букет,Дом и сад,"Цветы живые срезанные, букет",false,1,Дом и сад_False_1,62507,
https://cdn1.ozone.ru/s3/multimedia-1-2/7090468922.jpg,"Защита ведущей звезды на двигатель ZS172FMM-3A, 174MN NB300 (без баланс. вала) оранжевая",Защита.для.мототехники,,,false,1,nan_False_1,3251350,
https://cdn1.ozone.ru/s3/multimedia-1-u/7135357998.jpg,Буква К на погоны Кадетский корпус Курсант цвет зеленый 2 шт 752203,Декор.для.одежды,Галантерея и аксессуары,Погоны,false,1,Галантерея и аксессуары_False_1,622196,
https://cdn1.ozone.ru/s3/multimedia-1-v/6950125615.jpg,Шкаф распашной Лорена Пакс-1 с антресолью Графит,Шкаф.распашной,Мебель,Шкаф распашной,false,1,Мебель_False_1,693880,
https://cdn1.ozone.ru/s3/multimedia-r/6472676427.jpg,Природный кусковой мел Новый Оскол 1кг,Щетка.для.волос,,,false,0,nan_False_0,4417885,
https://cdn1.ozone.ru/s3/multimedia-1-f/7138175919.jpg,"Панно настенное декоративное ""Forest surprise"".",Панно,Дом и сад,Панно,true,1,Дом и сад_True_1,99345,
https://cdn1.ozone.ru/s3/multimedia-5/6828149309.jpg,Осенне-зимняя толстовка с капюшоном для мужчин и женщин Barbie,Свитшот,Одежда,"Толстовка, худи, свитшот",false,1,Одежда_False_1,61584,
https://cdn1.ozone.ru/s3/multimedia-1-r/7253699535.jpg,Горжетка,Горжетка,,,false,1,nan_False_1,4438671,
https://cdn1.ozone.ru/s3/multimedia-7/6696342151.jpg,WESSVANЛюстра подвесная,"Сертификат.на.автоспорт,.прокат.машин",Строительство и ремонт,Светильник для дома,true,1,Строительство и ремонт_True_1,662427,
https://cdn1.ozone.ru/s3/multimedia-7/6616853899.jpg,"Коврик придверный противоскользящий EVA (ЭВА) универсальный 48х33 сантиметра. Коврик в прихожую, коврик в коридор, коврик в гостиную. Ковер в дом. Аккуратный, красивый кант под интерьер. Липучки для фиксации. Ромб Черный с черной окантовкой",Коврик.придверный,Дом и сад,Ковер,false,1,Дом и сад_False_1,592566,
https://cdn1.ozone.ru/s3/multimedia-1-0/7135735284.jpg,"многоразовые подгузники,набор 2 шт",Насос.для.спецтехники,,,false,0,nan_False_0,5657111,
https://cdn1.ozone.ru/s3/multimedia-6/6835344486.jpg,Машинка для вырубки и тиснения А4 профессиональная,Чехол.для.скейтборда,,,false,0,nan_False_0,7083793,
https://cdn1.ozone.ru/s3/multimedia-1-a/7138919278.jpg,Гидравлический пресс напольный 20 тонн,Чердачная.лестница,,,false,0,nan_False_0,4723317,
https://cdn1.ozone.ru/s3/multimedia-1-j/6984827803.jpg,Обучающие палочки,Палочки.для.еды,Дом и сад,Палочки для еды,false,0,Дом и сад_False_0,267653,
https://cdn1.ozone.ru/s3/multimedia-1-h/7204585013.jpg,"Привод спидометра комплект ВАЗ 2108-2170, z12 (12 зубьев)",Наклейка.на.переноску.для.животных,,,false,0,nan_False_0,4859115,
https://cdn1.ozone.ru/s3/multimedia-6/6583510806.jpg,"Настенное деревянное панно ""Рысь в Полнолунии""]",Панно.для.бани,Дом и сад,Панно,true,1,Дом и сад_True_1,473996,
https://cdn1.ozone.ru/s3/multimedia-1-f/7191498723.jpg,"Nexxt Professional Блеск для волос, 100 мл",Чехол.для.елки,,,false,0,nan_False_0,4842383,
https://cdn1.ozone.ru/s3/multimedia-1-7/7311251923.jpg,Таймер 11 шт,Будильник,,,false,0,nan_False_0,7822720,
https://cdn1.ozone.ru/s3/multimedia-i/6749714322.jpg,Ледобур стальной Petzl LASER 17,Ледобур.для.альпинизма,,,false,1,nan_False_1,29786,
https://cdn1.ozone.ru/s3/multimedia-g/6132404236.jpg,"2 шт., автомобильный партнер, боковой индикатор рулевого управления, повторитель света Peugeot 108 107 407 206 6325G3 для Citreon C1 C2 C3 Picasso",Автофильтр.радиопомех,Автотовары,Автомобильные лампы,true,0,Автотовары_True_0,763188,
https://cdn1.ozone.ru/multimedia/1022348281.jpg,"Tefal Сковорода Emotion, 24 см",Комплект.в.кроватку,,,false,0,nan_False_0,1820946,
https://cdn1.ozone.ru/s3/multimedia-0/6686613396.jpg,"Рассада Хаконехлоа большая Mulled Wine, С2 (2 литра) ЗКС",Рассада,Дом и сад,"Саженец, рассада",false,1,Дом и сад_False_1,147388,
https://cdn1.ozone.ru/s3/multimedia-1-j/6924177199.jpg,Кукольный театр,Кукольный.театр,Детские товары,Кукольный театр,false,1,Детские товары_False_1,428747,
https://cdn1.ozone.ru/s3/multimedia-r/6239893767.jpg,Пакет антистатический с зип-локом 17х23см,Антистатический.пакет,,,false,1,nan_False_1,3665164,
https://cdn1.ozone.ru/s3/multimedia-o/6793955592.jpg,Подходит для переходного кольца Canon micro single EF EOSM,Декоративное.кольцо.для.объектива,Электроника,Переходное кольцо/адаптер,true,1,Электроника_True_1,693740,
https://cdn1.ozone.ru/s3/multimedia-1-a/7213576906.jpg,"Модульная картина на холсте ""Туман в стиле плоский, всплески волн на камнях с туманом, драма природы"" триптих на подрамнике 225х120 см. для интерьера",Картина,Дом и сад,Картина,false,1,Дом и сад_False_1,256816,
https://cdn1.ozone.ru/s3/multimedia-1-v/7385370871.jpg,Щетки стеклоочистителя для Geely MK / 2008 2009 2010 2011 2012 2013 / Комплект каркасных дворников 600 400 мм МК,Набор.для.ТО,,,false,0,nan_False_0,7603946,
https://cdn1.ozone.ru/s3/multimedia-v/6686613895.jpg,"Саженец Рододендрон гибридный Pohjola s Daughter, С10 (10 литров) ЗКС",Саженец,Дом и сад,"Саженец, рассада",false,1,Дом и сад_False_1,116217,
https://cdn1.ozone.ru/s3/multimedia-1-r/7079506839.jpg,"Чехол на чемодан S, ручная кладь 55х40х25 Roadlike",Чехол.для.чемодана,,,false,1,nan_False_1,1895460,
https://cdn1.ozone.ru/s3/multimedia-u/6791291058.jpg,"Фильтр масляный для Форд Куга 2 2012-2016, Ford Kuga 2 фильтр масляный MANN-FILTER W 7043, oem 2193141",Фильтр.масляный,Автотовары,Автофильтры,false,1,Автотовары_False_1,343409,
https://cdn1.ozone.ru/s3/multimedia-l/6383715849.jpg,"Жесткие дорожные сумки из ЭВА, портативный чехол для Xiaomi Mi Power Bank 3, 20000 мАч, чехол, портативная батарея, сумка для телефона PowerBank",Триммер.для.бровей,,,false,0,nan_False_0,53884,
https://cdn1.ozone.ru/s3/multimedia-1-8/7040483828.jpg,Шорты NBA SHORTS,Складная.система,Одежда,Шорты,true,0,Одежда_True_0,467085,
https://cdn1.ozone.ru/s3/multimedia-v/6616547563.jpg,Фиксатор корректор большого пальца ноги Orliman вальгусная шина бурсопротектор для стопы Испания HV-33 Правый S/1,Защита.на.спинку.сиденья,,,false,0,nan_False_0,4717857,
https://cdn1.ozone.ru/s3/multimedia-9/6681592197.jpg,Чехол втулки подвески колеса переднего моста трактора Т-40,Брадсы,,,false,0,nan_False_0,6967963,
https://cdn1.ozone.ru/multimedia/1022634639.jpg,"Полезный Сок Яблочный с мякотью, 1,8 л",Загуститель.для.волос,,,false,0,nan_False_0,3017484,
https://cdn1.ozone.ru/s3/multimedia-1-x/7179777645.jpg,24шт Красочные Подарочные Бумажные Пакеты с 24шт Наклей,Ящик.инструментальный.для.спецтехники,Автотовары,Автоаксессуар,true,0,Автотовары_True_0,919255,
https://cdn1.ozone.ru/multimedia/1028266457.jpg,"Кофейный напиток Lotte Let's Be Американо, 30 шт по 240 мл",Вспышка,,,false,0,nan_False_0,1199436,
https://cdn1.ozone.ru/s3/multimedia-1-q/7238061314.jpg,Рубашка ПОЛО,Поло,Одежда,Футболка,false,1,Одежда_False_1,18132,
https://cdn1.ozone.ru/s3/multimedia-1-2/7235491286.jpg,"Джинсы Calvin Klein Jeans REGULAR TAPER, синий, 46",Джинсы,Одежда,Джинсы,false,1,Одежда_False_1,48266,
https://cdn1.ozone.ru/multimedia/1010844984.jpg,"ST Luce Потолочный светильник, E27, 360 Вт",Бальзам.для.губ,,,false,0,nan_False_0,2040838,
https://cdn1.ozone.ru/s3/multimedia-1-s/7196400856.jpg,"Фотообои моющиеся ударопрочные ""Пляж на берегу озера, зелёные деревья и скалы"" 300x300 см. флизелиновые на стену",Зажигательный.аппарат,Строительство и ремонт,Фотообои,true,0,Строительство и ремонт_True_0,88675,
https://cdn1.ozone.ru/s3/multimedia-s/6844757788.jpg,Ролики сдвижной двери Toyota Hiace Kzh106 Правые,Семена.медоносных.трав,,,false,0,nan_False_0,35269,
https://cdn1.ozone.ru/multimedia/1021456807.jpg,Rolser Сумка-тележка,Подставка.под.зонт.винтажная,,,false,0,nan_False_0,1334289,
https://cdn1.ozone.ru/s3/multimedia-1-u/7181951286.jpg,"Универсальный Автомобильный Держатель для Смартфонов: На Приборную Панель для iPhone, Xiaomi, Samsung, Honor",Кукла.авторская,Антиквариат и коллекционирование,Кукла коллекционная,true,0,Антиквариат и коллекционирование_True_0,164179,
,"SR260, Диод Шоттки 2А 60В DO-15",Проживание.в.гостинице.2*,Электроника,Электронные компоненты,true,0,Электроника_True_0,541979,
https://cdn1.ozone.ru/multimedia/1018508469.jpg,Brabantia Чехол для гладильной доски,Чехол.для.гладильной.доски,,,false,1,nan_False_1,7388802,
https://cdn1.ozone.ru/s3/multimedia-1-o/7303393140.jpg,Средство для ухода за экранами 125ml,Фильтр.промышленный,,,false,0,nan_False_0,5044286,
https://cdn1.ozone.ru/s3/multimedia-1-1/7158702853.jpg,Dupont 005501 Запонки,Запонки,Галантерея и аксессуары,"Запонки, зажим для галстука",false,1,Галантерея и аксессуары_False_1,4928,
https://cdn1.ozone.ru/s3/multimedia-i/6362393910.jpg,"Корзина для бумаг и мусора Calligrata, 12 литров, пластик, сетчатая, чёрная",Корзина.для.белья,Дом и сад,Корзина для бумаг,true,0,Дом и сад_True_0,822589,
https://cdn1.ozone.ru/s3/multimedia-1-k/7235495120.jpg,"Платье Desigual CHAMPIONS, черный, 44;46",Платье,Одежда,Платье,false,1,Одежда_False_1,491211,
https://cdn1.ozone.ru/s3/multimedia-1-m/7037968414.jpg,"Коробка самосборная, 200*125*40мм (20*12.5*4см) Т21Е, 50 шт",Приманочная.станция.для.грызунов,,,false,0,nan_False_0,7181899,
https://cdn1.ozone.ru/s3/multimedia-t/6378812117.jpg,"Двусторонний коврик для кошек и собак PET LEX размер XS 50x35 см, серый микровелюр",Коврик.для.животных,Товары для животных,Лежак для животных,false,1,Товары для животных_False_1,78058,
https://cdn1.ozone.ru/s3/multimedia-1-4/7170932668.jpg,Кроссовки мужские зимние с мехом,Кроссовки,Обувь,Кроссовки,false,1,Обувь_False_1,668744,
https://cdn1.ozone.ru/s3/multimedia-3/6515077707.jpg,Амортизатор кабины T0003-6001,Свечи.чайные,,,false,0,nan_False_0,5257898,
https://cdn1.ozone.ru/s3/multimedia-1-e/7110255722.jpg,Подсветка для телевизора Samsung UE49RU7100K,Корпус.для.светильника,Электроника,Запчасти для телевизоров,true,0,Электроника_True_0,833290,
https://cdn1.ozone.ru/s3/multimedia-1-g/7129457008.jpg,Подвесная люстра Lucia Tucci Natura 066.6 LED,Люстра.подвесная,Строительство и ремонт,Светильник для дома,false,1,Строительство и ремонт_False_1,624319,
https://cdn1.ozone.ru/s3/multimedia-o/6805447692.jpg,"Накидки-квадраты для Ситроен дс3 (2009 - 2014) хэтчбек 3 двери _ Citroen DS3 на передние сиденья меховые, Короткий ворс, Черный",Накидка.на.сиденье,Автотовары,Накидка на сиденье,true,1,Автотовары_True_1,484835,
https://cdn1.ozone.ru/s3/multimedia-1-f/7160272611.jpg,Осушитель воздуха влаги от плесени и грибка,Бытовой.сушитель.белый.H10,Комплект сантехники,Бытовая техника,Охладитель воздуха,true,0,Бытовая техника_True_0,101418
https://cdn1.ozone.ru/s3/multimedia-g/6887553892.jpg,Crazy Getup CYSM Комплект постельного белья шоколадное в стиле ретро-динь с грибами,Комплект.постельного.белья,Дом и сад,Комплект постельного белья,false,1,Дом и сад_False_1,943039,
https://cdn1.ozone.ru/s3/multimedia-1-0/7144462692.jpg,"Картина на холсте ""Осень путешествия с рюкзаком по живописным тропам"" на подрамнике 80х75 см. для интерьера",Картина,Дом и сад,Картина,false,1,Дом и сад_False_1,863689,
https://cdn1.ozone.ru/s3/multimedia-1-i/7209955782.jpg,Hilberg фреза алмазная по плитке М14 2-38мм Hilberg Super Hard для УШМ,Фреза.для.УШМ,,,false,1,nan_False_1,3510495,
https://cdn1.ozone.ru/s3/multimedia-1-h/6934381973.jpg,Клапан электромагнитный СОАТЭ для а/м ВАЗ-2108-09 Ст. Оскол,Запчасть.для.системы.кормления,,,false,0,nan_False_0,6206533,
https://cdn1.ozone.ru/s3/multimedia-1-e/7114722998.jpg,"Audi A3 Sedan 2020-2024 greatroad TPE Коврики в салон автомобиля,3 шт.",Коврик.в.багажник,Автотовары,Коврики в салон автомобиля,true,1,Автотовары_True_1,63982,
https://cdn1.ozone.ru/s3/multimedia-1-i/7153028082.jpg,"HP CN047AE Картридж №951XL, Magenta",Расходник.для.печати,Электроника,Картридж,false,1,Электроника_False_1,263697,
https://cdn1.ozone.ru/s3/multimedia-1-8/7200474524.jpg,"Модульная картина на холсте ""Цветы в стиле фэнтези, изображающие цветочные часы, рассказывающие о времени в сказочном лесу"" триптих на подрамнике 225х120 см. для интерьера",Картина,Дом и сад,Картина,false,1,Дом и сад_False_1,345847,
https://cdn1.ozone.ru/s3/multimedia-1-c/7229766648.jpg,"Большой постер ""Велосипед на мосту с зелеными лианами, окруженными спокойной рекой"" для интерьера, 180х90 см.",Постер,Дом и сад,Постер,false,1,Дом и сад_False_1,41222,
https://cdn1.ozone.ru/s3/multimedia-1-1/7191021061.jpg,"Фотообои моющиеся ударопрочные ""Одинокий маяк на скале под звездами"" 300x300 см. флизелиновые на стену",Фотошторы,Строительство и ремонт,Фотообои,true,1,Строительство и ремонт_True_1,362692,
https://cdn1.ozone.ru/s3/multimedia-1-m/7042200034.jpg,"Фильтр масляный для Сузуки Игнис 2003-2008, Suzuki Ignis фильтр масляный MANN-FILTER W 610/9, oem 1651061A31",Фильтр.масляный,Автотовары,Автофильтры,false,1,Автотовары_False_1,918420,
https://cdn1.ozone.ru/s3/multimedia-1-w/7133455220.jpg,5582520 Asics Gel-Kahana 8 1011B895-200 Кроссовки,Кроссовки,Обувь,Кроссовки,false,1,Обувь_False_1,728172,
https://cdn1.ozone.ru/s3/multimedia-1-g/6936845668.jpg,"Аккумулятор ROBITON 2200МНSC High Power, Ni-МН, 1.2 В, 2200 мАч ( комплек",Паста.реставрационная,Электроника,Аккумуляторная батарейка,false,0,Электроника_False_0,1004576,
https://cdn1.ozone.ru/s3/multimedia-1-7/7252172539.jpg,"Складная силиконовая чаша, чистящая прокладка для щеток и губок",Крюк.для.вязки.арматуры,,,false,0,nan_False_0,7031367,
https://cdn1.ozone.ru/s3/multimedia-m/6736895338.jpg,"Домино ""23 Февраля"", костяшка 6 х 3 см",Кубики,Хобби и творчество,Домино,true,0,Хобби и творчество_True_0,523403,
https://cdn1.ozone.ru/s3/multimedia-1-f/7109132199.jpg,5 шт. серия сотовый телефон с защитой от ЭМП анти,Шестерня.коленвала.для.гидроцикла,Строительство и ремонт,Розетка,true,0,Строительство и ремонт_True_0,337461,
https://cdn1.ozone.ru/s3/multimedia-1-p/6926542045.jpg,"Мармелад ""Бумба Бабочки"" Ударница, 105г х 10шт",Ремонт.фонаря,Продукты питания,Мармелад,true,0,Продукты питания_True_0,21188,
https://cdn1.ozone.ru/s3/multimedia-p/6340995553.jpg,Краска автомобильная. Подкраска для сколов. HONDA G535P WOODLAND GREEN 20 мл.,Краска.полиграфическая,Автотовары,Краска автомобильная,true,1,Автотовары_True_1,654184,
https://cdn1.ozone.ru/s3/multimedia-1-e/6913394690.jpg,Rejs Полка для барной стойки,Защитные.чехлы.для.ушей,,,false,0,nan_False_0,362228,
https://cdn1.ozone.ru/s3/multimedia-1-k/7089305744.jpg,"Гребной винт TOHATSU (Тохатсу), Mercury (Меркурий) М 8, 9.8 шаг 7.5",Соусник.винтажный,,,false,0,nan_False_0,553148,
https://cdn1.ozone.ru/s3/multimedia-1-h/7132562945.jpg,"Трубочки для коктейлей, 26 см х 6 мм, 100 шт",Подшипник.КПП,,,false,0,nan_False_0,5889535,
https://cdn1.ozone.ru/s3/multimedia-y/6721300114.jpg,"Ручка для шкатулки металл ""Улитка"" серебро 2,8х5,2 см",Декоративный.элемент,Хобби и творчество,Украшение декоративное,false,1,Хобби и творчество_False_1,74742,
https://cdn1.ozone.ru/s3/multimedia-1-f/7196371467.jpg,Чехол для Самсунг Samsung Galaxy A13 4G иллюстрация Часка Геншин Импакт Часке Genshin Chasca CAC01,Ремешок.для.чехла,Электроника,Чехол для смартфона,true,0,Электроника_True_0,388729,
https://cdn1.ozone.ru/s3/multimedia-1-q/7196468066.jpg,Холст с красками 40х60 см. Картина по номерам 30 цветов Красочный кот (арт. Х-7919) Подарок на новый год.,Картина.из.пайеток,Хобби и творчество,Картина по номерам,true,0,Хобби и творчество_True_0,176269,
https://cdn1.ozone.ru/multimedia/1024317311.jpg,Outwell Кресло раскладное,Детский.планшет,,,false,0,nan_False_0,2945079,
https://cdn1.ozone.ru/s3/multimedia-1-8/6932152592.jpg,"Набор пластики (полимерной глины) ""Цветик"" 12 цветов",Застежка,Хобби и творчество,Глина,true,0,Хобби и творчество_True_0,433282,
https://cdn1.ozone.ru/s3/multimedia-1-t/6972194729.jpg,Ручной Материал Пояса,Обложка.для.свидетельства,Детские товары,Аксессуары для кукол,true,0,Детские товары_True_0,490696,
https://cdn1.ozone.ru/s3/multimedia-1-9/6939719577.jpg,"Колодки тормозные дисковые задние для БМВ Е84 2009-2015, BMW E84 колодки тормозные дисковые задние REMSA 0381.70, oem 34121288896",Колодки.тормозные,Автотовары,Тормозные колодки дисковые и барабанные,false,1,Автотовары_False_1,255965,
https://cdn1.ozone.ru/s3/multimedia-w/6816450992.jpg,Пончо MOOCIE,Водолазка,Одежда,Пончо утепленное,true,0,Одежда_True_0,58251,
https://cdn1.ozone.ru/s3/multimedia-1-8/7206488252.jpg,"Картина на холсте на кухню ""С пейзажем традиционного японского сада, создающего гармонию и умиротворение"" на подрамнике 75х75 см. для интерьера",Картина,Дом и сад,Картина,false,1,Дом и сад_False_1,115498,
https://cdn1.ozone.ru/s3/multimedia-1-y/7182414250.jpg,Слюнявчики для малышей для кормления муслиновый набор 3шт,Нагрудник,Детские товары,Нагрудник,true,1,Детские товары_True_1,520052,
https://cdn1.ozone.ru/s3/multimedia-1-0/7201543248.jpg,"Модульная картина на холсте на кухню ""С изображением мести и жарки"" триптих на подрамнике 225х120 см. для интерьера",Чехол.для.рации,Дом и сад,Картина,true,0,Дом и сад_True_0,821600,
https://cdn1.ozone.ru/s3/multimedia-1-z/7197791147.jpg,Reni 120 100мл цветочные,Капуста,Красота и гигиена,Спрей для ухода за кожей,true,0,Красота и гигиена_True_0,218551,
https://cdn1.ozone.ru/s3/multimedia-1-j/7193135359.jpg,"Гайковерт аккумуляторный Zitrek ZKIS12 (12 B, Li-Ion акк. 2x2.0Ач, кейс)",Миксер,,,false,0,nan_False_0,7341131,
https://cdn1.ozone.ru/s3/multimedia-0/6128470716.jpg,"Чайник керамический заварочный с металлическим ситом Пейзаж , 200 мл",Чайник.заварочный,Дом и сад,Чайник заварочный,false,1,Дом и сад_False_1,548527,
https://cdn1.ozone.ru/s3/multimedia-1-y/7195867126.jpg,"Зубная нить D.I.E.S с ароматом мяты освежающая, тонизирующая, забота о деснах 15 м",Пересадочная.площадка,Красота и гигиена,Зубная нить,true,0,Красота и гигиена_True_0,32195,
https://cdn1.ozone.ru/s3/multimedia-q/6725330486.jpg,"Портативная изоляционная ручка, легкий электрический паяльник, противоскользящая пирография",Компрессионный.рукав,,,false,0,nan_False_0,5955987,
https://cdn1.ozone.ru/s3/multimedia-1-d/7238955721.jpg,"Фотообои моющиеся ударопрочные ""Орхидея в подводном мире, окруженная рыбой"" 500x300 см. флизелиновые на стену",Фотообои,Строительство и ремонт,Фотообои,false,1,Строительство и ремонт_False_1,841728,
https://cdn1.ozone.ru/s3/multimedia-1-0/wc1200/7039344528.jpg,MLB Fashion Сумка на пояс,Гидроаккумулятор.тормозной.системы,Галантерея и аксессуары,Сумка на пояс,true,0,Галантерея и аксессуары_True_0,434257,
https://cdn1.ozone.ru/s3/multimedia-1-6/7238954166.jpg,"Фотообои моющиеся ударопрочные ""Орхидея с прозрачными лепестками, как стекло"" 500x300 см. флизелиновые на стену",Фотообои,Строительство и ремонт,Фотообои,false,1,Строительство и ремонт_False_1,629774,
https://cdn1.ozone.ru/s3/multimedia-1-4/7272359176.jpg,Инструмент для укладки напольных покрытий лопатка,Замок.для.стеклянной.двери,,,false,0,nan_False_0,5834308,
https://cdn1.ozone.ru/s3/multimedia-1-i/7083717030.jpg,Переполох в огороде,Печатная.книга:.Художественная.литература.для.детей,Книги,Печатная книга: Художественная литература для детей,false,1,Книги_False_1,572522,
https://cdn1.ozone.ru/s3/multimedia-w/6605191400.jpg,"Стриппинг для густого подшерстка DeLIGHT Y-широкий, 13 лезвий, 4366213",Электронное.судейство,,,false,0,nan_False_0,3511905,
https://cdn1.ozone.ru/s3/multimedia-1-a/7015035538.jpg,Ремень ГРМ для автомобилей Daewoo Nexia (94 )/Chevrolet Lanos (97 ) 1.4i/1.5i/1.6i DOHC (127*25.4) (HNBR стекловолокно) TRIALLI GB 8812,Ремень.ГРМ,Автотовары,Основные автозапчасти,false,1,Автотовары_False_1,125058,
https://cdn1.ozone.ru/multimedia/1020918092.jpg,"Мешок карнавальный Sima-land ""Новогодний носок""",Мешок.для.подарков,,,false,1,nan_False_1,1404222,
https://cdn1.ozone.ru/s3/multimedia-1-v/7176179731.jpg,Набор из 20 штук - трубки для инъекции клея,Направляющая.тормозных.колодок,Строительство и ремонт,Прочая оснастка,true,0,Строительство и ремонт_True_0,116870,
https://cdn1.ozone.ru/s3/multimedia-1-2/7042207826.jpg,"Фильтр масляный для Мерседес W222 2013-2017, Mercedes W222 фильтр масляный FRAM CH11060, oem A2761800009",Фильтр.масляный,Автотовары,Автофильтры,false,1,Автотовары_False_1,167552,
https://cdn1.ozone.ru/s3/multimedia-1-u/7134015306.jpg,"Мягкая игрушка новогодняя змея 35 см, символ года 2025",Послетренировочный.комплекс,,,false,0,nan_False_0,242417,
https://cdn1.ozone.ru/multimedia/1010446139.jpg,"Круглогубцы Unipro, 120 мм",Ламель.для.кровати,,,false,0,nan_False_0,1574178,
https://cdn1.ozone.ru/s3/multimedia-1-p/7144397017.jpg,"Картина на холсте ""Осень конструктор с детскими игрушками на осеннем фоне"" на подрамнике 40х180 см. для интерьера",Картина,Дом и сад,Картина,false,1,Дом и сад_False_1,287404,
https://cdn1.ozone.ru/s3/multimedia-1-v/7183096159.jpg,Универсальный чехол для планшета,Чехол.для.планшета,Электроника,Чехол для планшета,true,1,Электроника_True_1,146357,
https://cdn1.ozone.ru/s3/multimedia-1-0/6964895376.jpg,beisiКазаки,Панировка,Обувь,Сапоги,true,0,Обувь_True_0,356689,
https://cdn1.ozone.ru/s3/multimedia-1-q/7154798678.jpg,Новый мужской свитер Nike для активного отдыха,Уксус.для.волос,Одежда,"Свитер, джемпер",true,0,Одежда_True_0,265847,
https://cdn1.ozone.ru/multimedia/1024854931.jpg,Victorinox Подставка для ножей,Подставка.для.ножей,,,false,1,nan_False_1,3059342,
https://cdn1.ozone.ru/s3/multimedia-1-0/7237305792.jpg,"Решётка гравитационная, жалюзи 300мм инерционная",Комплектующее.для.вентиляции,Строительство и ремонт,Комплектующие для вентиляционных систем,false,1,Строительство и ремонт_False_1,618771,
https://cdn1.ozone.ru/s3/multimedia-1-r/7218858699.jpg,"Шкаф ""Авангард"" 1,2 м - Графит",Шкаф.распашной,Мебель,Шкаф распашной,false,1,Мебель_False_1,169904,
https://cdn1.ozone.ru/s3/multimedia-1-3/7361280759.jpg,Приспособление для выведения спусков,Сыроварня,,,false,0,nan_False_0,46173,
https://cdn1.ozone.ru/multimedia/1023236049.jpg,Safety 1st Барьер-калитка 73-80 см,Велосумка,,,false,0,nan_False_0,1638367,
https://cdn1.ozone.ru/s3/multimedia-1-9/7177690737.jpg,"Аэросил (загуститель) Polypark Thixo 200 (диоксид кремния), 300 г",Пастеризатор.молока,,,false,0,nan_False_0,5173125,
https://cdn1.ozone.ru/s3/multimedia-5/6853977761.jpg,MMB База для аромадиффузора 100 мл,Дегидратор,,,false,0,nan_False_0,7534099,
https://cdn1.ozone.ru/s3/multimedia-b/6130941191.jpg,"Defender Клавиатура проводная Nova GK-860L, черный",Маска.горнолыжная,,,false,0,nan_False_0,1979335,
https://cdn1.ozone.ru/s3/multimedia-1-m/7231345690.jpg,"Баннер для праздника ""Баннер с 23 февраля"", 150 см х 100 см",Ремкомплект.рессоры,,,false,0,nan_False_0,3644466,
https://cdn1.ozone.ru/s3/multimedia-1-0/7190717904.jpg,"Гибридный солнечный инвертор ANENJI, MPPT, 3-фазный, до 12 параллелей, бесплатный WIFI. ANJ-6200-48V-48PL-WIFI",Санки.рыбацкие,,,false,0,nan_False_0,712208,
https://cdn1.ozone.ru/multimedia/1013134623.jpg,Жирафики ПВХ Лягушка с лягушатами,Бак.для.белья,,,false,0,nan_False_0,2065475,
https://cdn1.ozone.ru/s3/multimedia-1-5/7115203409.jpg,Брелок ручной работы подарочный материал упаковка ручной работы,Аксессуар.для.сумки,Хобби и творчество,"Застежки, пуговицы",true,0,Хобби и творчество_True_0,68649,
https://cdn1.ozone.ru/s3/multimedia-3/6697439859.jpg,"Вентилятор бытовой настенный, 100 С-П, подш. кач, белый, TDM",Камень.полудрагоценный,,,false,0,nan_False_0,733579,
https://cdn1.ozone.ru/s3/multimedia-4/6041532124.jpg, Набор для вина Kelihome,Стеклоочиститель,,,false,0,nan_False_0,1926041,
https://cdn1.ozone.ru/s3/multimedia-1-w/7323786788.jpg,Аппликатор малярного скотча (инструмент швеи + синие наклейки),Емкость.для.аэрографа,,,false,0,nan_False_0,6623885,
https://cdn1.ozone.ru/s3/multimedia-0/6657251040.jpg,Антенна гибкая для Garmin Alpha и Garmin Astro (Лесник-Стандарт) красная,Диафаноскоп,,,false,0,nan_False_0,4531587,
https://cdn1.ozone.ru/s3/multimedia-y/6569905018.jpg,"Семена томат ""Сосулечка""10уп (Гисок)",Клей.хозяйственный,Дом и сад,Семена,true,0,Дом и сад_True_0,925337,
https://cdn1.ozone.ru/s3/multimedia-y/6008118358.jpg,"INSIGHT Масло для волос, 250 мл",Фрезерная.машина,,,false,0,nan_False_0,1570656,
https://cdn1.ozone.ru/s3/multimedia-1-m/6994413670.jpg,"Шпагат крепежный 500 м, 2.5 мм, 40 кгс, Полипропилен",Комбинезон-дождевик,,,false,0,nan_False_0,91656,
https://cdn1.ozone.ru/s3/multimedia-k/6571130300.jpg,"Спрей для животных Artero Matt-X для легкого расчесывания, 300 мл",Средство.для.ухода,,,false,0,nan_False_0,7326376,
https://cdn1.ozone.ru/s3/multimedia-g/6741021148.jpg,Симулятор скалолазания Металлический домкрат Ремонтный стенд,Запчасть.для.радиоуправляемых.моделей,Детские товары,Пульты и комплектующие для р/у моделей,false,1,Детские товары_False_1,309610,
https://cdn1.ozone.ru/s3/multimedia-1-h/7202355065.jpg,водолазка женская,Легинсы,Одежда,Водолазка,true,0,Одежда_True_0,456027,
https://cdn1.ozone.ru/s3/multimedia-1-a/7005802726.jpg,Мастурбатор,Мастурбатор,Товары для взрослых,Мастурбатор,false,1,Товары для взрослых_False_1,9725,
https://cdn1.ozone.ru/s3/multimedia-h/6395408501.jpg,Матрас Lonax Roll Comfort 3 195х200 серии Скрученные,Матрас,Мебель,Матрас,false,1,Мебель_False_1,468486,
https://cdn1.ozone.ru/s3/multimedia-3/6103093059.jpg,Гофра 45/280 (AISI 304 WITH INNER BRAID),Гофра.глушителя,,,true,1,nan_True_1,933765,
https://cdn1.ozone.ru/s3/multimedia-1-i/7182110538.jpg,"Брюки утепленные Повседневная одежда плюс бархат Louis Vuitton,52,светлый хаки,Без бархата,2XL",Брюки.утепленные,Одежда,Брюки утепленные,true,1,Одежда_True_1,307287,
https://cdn1.ozone.ru/s3/multimedia-1-e/6992266910.jpg,"Бутылочка для кормления новорожденных, набор 2 шт 4 мес+",Набор.бутылочек,,,false,1,nan_False_1,3678260,
https://cdn1.ozone.ru/s3/multimedia-1-5/7079131121.jpg,Шторка на ванну MaybahGlass поворотная ФП002 1400*700 6 мм (MGV-929-ФП002-6),Проживание.в.пансионате,Строительство и ремонт,Стеклянные шторки и двери для ванны,true,0,Строительство и ремонт_True_0,234469,
https://cdn1.ozone.ru/s3/multimedia-1-7/7231368319.jpg,"Фотообои моющиеся ударопрочные ""Пионы в стиле флэт, окруженные горными пейзажами и хвойными деревьями, создавая гармонию между цветами и природой"" 300x300 см. флизелиновые на стену",Фотообои,Строительство и ремонт,Фотообои,false,1,Строительство и ремонт_False_1,738851,
https://cdn1.ozone.ru/s3/multimedia-a/6906212578.jpg,"Рубашка женская_Порт Гавайи, футболка с короткими рукавами",Видеосъёмка,Одежда,Рубашка,true,0,Одежда_True_0,450960,
https://cdn1.ozone.ru/s3/multimedia-1-g/7137578968.jpg,"Коврик для ступеней лестницы,противоскользящая,коричневый,42*20cm,6 штук",Коврик.для.ступеней,,,false,1,nan_False_1,703709,
https://cdn1.ozone.ru/s3/multimedia-c/6715699644.jpg,прорезыватель грызунок для зубов детский,Прорезыватель,Детские товары,Прорезыватель,true,1,Детские товары_True_1,617098,
https://cdn1.ozone.ru/s3/multimedia-h/6637885937.jpg,Парик карнавальный,Парик.карнавальный,Дом и сад,Аксессуары для карнавального костюма,false,1,Дом и сад_False_1,261313,
https://cdn1.ozone.ru/s3/multimedia-1-4/7209259132.jpg,"70 мм пробка для слива ванны для ванны, сменная, регулируемая",Набор.банных.принадлежностей,,,false,1,nan_False_1,4028680,
https://cdn1.ozone.ru/multimedia/1027579664.jpg,Седек Семена,Форма.футбольная,,,false,0,nan_False_0,3017497,
https://cdn1.ozone.ru/s3/multimedia-1-z/7369081955.jpg,"Вишер ЧИСТОGUN 30JAM (d-6,4мм, дюраль, резьба папа, дюймовая, 8/32 для Dewey 30CА, Tipton 27-45, StilCrin) Чистоган",Калипер.механических.тормозов,,,false,0,nan_False_0,4476133,
https://cdn1.ozone.ru/s3/multimedia-a/6750573238.jpg,"Электронные кухонные весы, 3 кг/5 кг/7 кг, с точным сенсором, серебристый, черный",Кухонные.весы,Бытовая техника,Кухонные весы,false,1,Бытовая техника_False_1,277586,
https://cdn1.ozone.ru/s3/multimedia-1-y/7100505070.jpg,Крышка - Cиденье для унитаза Roca Dama Senso без микролифта ZRU9000040,Болеро,,,false,0,nan_False_0,1105486,
https://cdn1.ozone.ru/s3/multimedia-e/6666871730.jpg,"Набор для обучения Пинцет и лупа , МИКС, по методике Монтессори",Дополнение.для.настольных.игр,Хобби и творчество,Настольная игра,true,0,Хобби и творчество_True_0,155091,
https://cdn1.ozone.ru/s3/multimedia-s/6790488904.jpg,Удилище без колец DAYO CAYMAN 500 см,Удилище,Спорт и отдых,Удилище,true,1,Спорт и отдых_True_1,930862,
https://cdn1.ozone.ru/s3/multimedia-1-r/7241238135.jpg,Стартовый кабель для пуско-зарядных устройств BERKUT SJC-45,Комплект.демонстрационного.оборудования,,,false,0,nan_False_0,3410382,
https://cdn1.ozone.ru/s3/multimedia-1-r/7181933571.jpg,Животные согревают одежду зимой-код л,Вывоз.стола,Товары для животных,Одежда для животных,true,0,Товары для животных_True_0,313598,
https://cdn1.ozone.ru/s3/multimedia-1-w/7231367552.jpg,"4 шт. Набор кружек с принтом ""Пионы в стиле флэт, расположенные на фоне морского пейзажа, с волнами и берегом, которые добавляют динамики и свежести в изображение"" 480 мл.",Кружка,Дом и сад,Кружка,false,1,Дом и сад_False_1,247815,
https://cdn1.ozone.ru/s3/multimedia-1-y/7291615966.jpg,"Тубус для чертежей А0 Стамм / телескопический на ремне, черный",Накаблучники,,,false,0,nan_False_0,4131130,
https://cdn1.ozone.ru/s3/multimedia-1-y/6960171310.jpg,ЗООНИК ф16 12-14 см канат 1 узел,Игрушка.для.животных,Товары для животных,Игрушка для животных,false,1,Товары для животных_False_1,6721,
https://cdn1.ozone.ru/s3/multimedia-1-k/6972793580.jpg,Генератор потока воды,Система.для.туманообразования,,,false,0,nan_False_0,6934711,
https://cdn1.ozone.ru/s3/multimedia-7/6825513787.jpg,Макароноварка / для ресторанов и отелей,Витамины.для.животных,,,false,0,nan_False_0,5857378,
https://cdn1.ozone.ru/s3/multimedia-k/6270269660.jpg,Стол детский для рисования песком Карта Мира. Планшет развивающий для малышей растущий игровой. Световая песочница,Детский.стол,,,false,1,nan_False_1,4808903,
https://cdn1.ozone.ru/multimedia/1026735437.jpg,"Магнит для досок Sigel Artverum Кубик, GL192, серебристый, 6 шт",Завтрак,,,false,0,nan_False_0,1595122,
https://cdn1.ozone.ru/s3/multimedia-1-x/7238150565.jpg,"наконечник рулевой (электро) hyundai creta 16- lh SAT ST-56820-M0000, oem 56820M0000",Наконечник.рулевой,Автотовары,Основные автозапчасти,false,1,Автотовары_False_1,213700,
https://cdn1.ozone.ru/s3/multimedia-1-e/7231371962.jpg,"Картина на холсте ""Пионы в стиле вектор, окружающие элементы фэнтезийного мира, с изображениями сказочных существ и волшебных атрибутов"" на подрамнике 75х175 см. для интерьера",Картина,Дом и сад,Картина,false,1,Дом и сад_False_1,282095,
https://cdn1.ozone.ru/s3/multimedia-n/6274776719.jpg,Кабельная оплётка для защиты провода 6..12 мм (PET-6) - 1 метр зеленая,Плакетка.наградная,,,false,0,nan_False_0,7042911,
https://cdn1.ozone.ru/s3/multimedia-1-r/7069118787.jpg,Типичные ошибки художников. Альбом для скетчинга,"Печатная.книга:.История,.искусство,.культура",Книги,"Печатная книга: История, искусство, культура",false,1,Книги_False_1,364383,
https://cdn1.ozone.ru/s3/multimedia-1-e/7096458398.jpg,Флаффи Стаффи Игровой набор Fluffie Stuffiez щенок третье поколение Новая серия,Мягкая.игрушка.с.цветами,Детские товары,Мягкая игрушка,true,0,Детские товары_True_0,100320,
https://cdn1.ozone.ru/s3/multimedia-1/6007295905.jpg,"Колбаски Alto Concetto Мини-салями острые, сыровяленые, 150 г",Файл,,,false,0,nan_False_0,1308794,
https://cdn1.ozone.ru/s3/multimedia-d/6332811013.jpg,"Рассада Гипсофила (Качим) метельчатая Rosenschleier, С2 (2 литра) ЗКС",Рассада,Дом и сад,"Саженец, рассада",false,1,Дом и сад_False_1,289619,
https://cdn1.ozone.ru/s3/multimedia-b/6585314159.jpg,SVS Audiotechnik PAF-5B PRO Всепогодная трансляционная акустическая система,Бустер,,,false,0,nan_False_0,3721759,
https://cdn1.ozone.ru/s3/multimedia-1-0/7272511488.jpg,"Дейция Кодсэл Пинк (шершавая), 1 саженец в горшке Р9",Клубни,,,false,1,nan_False_1,533754,
https://cdn1.ozone.ru/s3/multimedia-1-z/7409928167.jpg,Труборасширитель экспандер DSZH WK-622,Подушка.реабилитационная,,,false,0,nan_False_0,639697,
https://cdn1.ozone.ru/s3/multimedia-1-o/7219444380.jpg,"Плед для пикника , Полиэстер, 240х220 см",Детский.плед,,,false,0,nan_False_0,7340388,
https://cdn1.ozone.ru/s3/multimedia-1-d/7231367857.jpg,"Картина на холсте ""Пионы в стиле флэт, в окружении графических фигур и линий, создающих ощущение движения и ритма в композиции"" на подрамнике 75х175 см. для интерьера",Картина,Дом и сад,Картина,false,1,Дом и сад_False_1,607089,
https://cdn1.ozone.ru/s3/multimedia-5/6828640313.jpg,"Диск BRIAN WILSON(BEACH BOYS) - BRIAN WILSON AND FRIENDS(SOUNDSTAGE SPECIAL EVENT,DIGIPACK,CD,DVD) (1 CD)",Музыкальный.диск,"Кино, музыка, видеоигры, софт",Музыка,false,1,"Кино, музыка, видеоигры, софт_False_1",156274,
https://cdn1.ozone.ru/s3/multimedia-1-f/7075366035.jpg,"Стиральный порошок автомат Ariel Color Аква-Пудра насыщенный цвет 3кг, 40 стирок 2 шт",Водозаборная.решетка.для.гидроцикла,Бытовая химия,Стиральный порошок,true,0,Бытовая химия_True_0,35751,
https://cdn1.ozone.ru/s3/multimedia-1-w/7203326612.jpg,"Фотообои моющиеся ударопрочные ""Осень в лесу с яркими красными и оранжевыми листьями, покрывающими землю"" 300x300 см. флизелиновые на стену",Фотообои,Строительство и ремонт,Фотообои,false,1,Строительство и ремонт_False_1,642209,
https://cdn1.ozone.ru/s3/multimedia-g/6232086904.jpg,Свитер женский_вязаный свитер в полоску с высоким воротником и разрезами,Неглиже,Одежда,"Свитер, джемпер",true,0,Одежда_True_0,338739,
https://cdn1.ozone.ru/s3/multimedia-x/6618017949.jpg,Мех кожаный натуральный для дымаря,Дымарь,,,false,1,nan_False_1,6897495,
https://cdn1.ozone.ru/s3/multimedia-w/6749669516.jpg,Соединитель шлангов высокого давления Karcher HD (после 2017г.) Easy!Lock N9,Насадка.для.мойки.высокого.давления,Строительство и ремонт,Минимойка,true,1,Строительство и ремонт_True_1,403488,
https://cdn1.ozone.ru/s3/multimedia-1-e/7031171498.jpg,"Женская ажурная заколка-краб для волос, набор 2 шт",Зажим.для.волос,Галантерея и аксессуары,Зажим для волос,true,1,Галантерея и аксессуары_True_1,922408,
https://cdn1.ozone.ru/s3/multimedia-m/6124742686.jpg,DIY алмазная живопись Song Joong Ki смола алмазная вышивка крестиком,Украшение.подвесное.интерьерное,Дом и сад,Украшение интерьерное,true,1,Дом и сад_True_1,485494,
https://cdn1.ozone.ru/s3/multimedia-1-g/6929027044.jpg,4 шт. 23250-0V030 23209-09175 топливный инжектор автомобиля,Лифт.бэг.(подводный.парашют),Автотовары,Автофильтры,true,0,Автотовары_True_0,389430,
https://cdn1.ozone.ru/s3/multimedia-1-s/7094267344.jpg,Лиш Aquatone 4.0 Wrist Leash,Скиммер.для.бассейна,,,false,0,nan_False_0,4760122,
https://cdn1.ozone.ru/s3/multimedia-1-5/7208685509.jpg,"Картина на холсте на кухню ""С заглавиями и яркими иллюстрациями на тему свежести"" на подрамнике 75х40 см. для интерьера",Картина,Дом и сад,Картина,false,1,Дом и сад_False_1,244110,
https://cdn1.ozone.ru/s3/multimedia-1-s/7202361808.jpg,Футбольные бутсы,Бутсы.для.футзала,Обувь,Бутсы,true,1,Обувь_True_1,365733,
https://cdn1.ozone.ru/s3/multimedia-t/6729555665.jpg,"Чернитель шин, AVS, AVK-088, 2 штуки по 1000 мл",Набор.оснасток.для.рыбалки,,,false,0,nan_False_0,5946571,
https://cdn1.ozone.ru/s3/multimedia-1-f/7257222303.jpg,"медицинская тележка, подходит для сканеров полости рта, стоматологических клиник, салонов красоты и больниц",Мебель.медицинская,Мебель,Мебель медицинская,false,1,Мебель_False_1,571504,
https://cdn1.ozone.ru/s3/multimedia-1-j/7266211471.jpg,Сабо Crocs LiteRide,Боксерские.перчатки,,,false,0,nan_False_0,3505650,
https://cdn1.ozone.ru/s3/multimedia-1-i/7170313626.jpg,Мужские ботинки TENDANCE,Ботинки,Обувь,Ботинки,false,1,Обувь_False_1,259301,
https://cdn1.ozone.ru/s3/multimedia-6/6004776486.jpg,Valeo Комплект сцепления,Кафф,,,false,0,nan_False_0,2004936,
https://cdn1.ozone.ru/s3/multimedia-s/6143188084.jpg,Накладка на внешнюю ручку двери автомобиля для Audi A4 2017-2020 B,Ручка.дверная.автомобильная,Автотовары,Запчасти для кузова,false,1,Автотовары_False_1,942412,
https://cdn1.ozone.ru/s3/multimedia-7/6136615183.jpg,Шнуровка для малышей. Бусы-шнуровка из дерева АССОРТИ 2. Развивающий набор. Дютоша. Анданте,Вилки.одноразовые,,,false,0,nan_False_0,2635440,
https://cdn1.ozone.ru/s3/multimedia-g/6009628540.jpg,Flatel Шприц кондитерский,Шины.для.коммерческого.транспорта,,,false,0,nan_False_0,1392427,
https://cdn1.ozone.ru/s3/multimedia-1-s/7232024620.jpg,Кольца сменные Black Diamond Freeride Baskets 75 мм,Кольца.для.треккинговых.палок,,,false,1,nan_False_1,4906336,
https://cdn1.ozone.ru/s3/multimedia-1-y/7232702578.jpg,Проставки под сидение для Omoda C5 (2 сидения),Чехол.для.хранения самоката,,,false,0,nan_False_0,6933130,
https://cdn1.ozone.ru/s3/multimedia-1-0/7071490872.jpg,"Подарочные наборы HappyM ""Шоколад с предсказаниями"" сладк",Сюрприз-бокс.кондитерский,Продукты питания,Сюрприз-бокс кондитерский,true,1,Продукты питания_True_1,930983,
https://cdn1.ozone.ru/s3/multimedia-p/6837857197.jpg,Матрас Dimax Оптима Ролл Хард 160х210,Матрас,Мебель,Матрас,false,1,Мебель_False_1,684487,
https://cdn1.ozone.ru/s3/multimedia-5/6547916297.jpg,Военный крест (Франция),Медаль.сувенирная,Дом и сад,"Медаль, ленты, кубки сувенирные",false,1,Дом и сад_False_1,34101,
https://cdn1.ozone.ru/s3/multimedia-4/6817000324.jpg,Матрас Denwir Classic Middle Memo Soft Plus S1000 150х195,Матрас,Мебель,Матрас,false,1,Мебель_False_1,721153,
https://cdn1.ozone.ru/s3/multimedia-1-e/7118953970.jpg,"Магнитный SSD-корпус NVMe TypeC 3,2 10G Ultraspeed внешний 2230 Caddy Box для телефона 15pro из алюминия",Чехол.для.карты.памяти,Электроника,Чехол для жесткого диска,true,0,Электроника_True_0,523350,
https://cdn1.ozone.ru/s3/multimedia-h/6664994513.jpg,"Минималистичные настенные часы, 12-дюймовые модные легкие роскошные бесшумные часы, без тика, для украшения спальни, кухни, школы, офиса",Отшив.ремней,Дом и сад,Часы настенные,true,0,Дом и сад_True_0,708763,
https://cdn1.ozone.ru/s3/multimedia-1-4/7235288752.jpg,"Рюкзак для ручной клади, очень большой 40 л, одобренный для полетов для мужчин и женщин, серый",Вкладыш.в.рюкзак,Спорт и отдых,Аксессуары для спортивных и туристических рюкзаков и сумок,false,1,Спорт и отдых_False_1,28080,
https://cdn1.ozone.ru/s3/multimedia-1-l/7072733397.jpg,Декор для сумок и рюкзаков,Декор.для.одежды,,,false,0,nan_False_0,7366974,
https://cdn1.ozone.ru/s3/multimedia-1-n/7213620731.jpg,"Фотообои моющиеся ударопрочные ""Туман в стиле готический: мрачный лес с густым туманом, силуэты деревьев с изогнутыми ветвями, скрывающие загадочные фигуры"" 500x300 см. флизелиновые на стену",Фотообои,Строительство и ремонт,Фотообои,false,1,Строительство и ремонт_False_1,848278,
https://cdn1.ozone.ru/s3/multimedia-4/6541799788.jpg,Чернила Cactus CS-GT51-52M/C/Y 4x100мл голубой/пурпурный/желтый/черный для DeskJet GT 5810/5820/5812/5822,Расходник.для.печати,Электроника,Картридж,false,1,Электроника_False_1,852488,
https://cdn1.ozone.ru/s3/multimedia-n/6422343815.jpg,Комплект светодиодных ламп AVS C006 T11 42 мм (A07052S) 2 шт. S25070A,Лампа.автомобильная,Автотовары,Автомобильные лампы,false,1,Автотовары_False_1,97364,
https://cdn1.ozone.ru/s3/multimedia-1-3/7160127951.jpg,Мужские высокие кеды TENDANCE,Кеды,Обувь,"Кеды, слипоны, сникеры",false,1,Обувь_False_1,532791,
https://cdn1.ozone.ru/s3/multimedia-y/6326105278.jpg,Выключатель замка передней двери для Mercedes C Class W204 W207 Level,Знак.автомобильный,Автотовары,Автоаксессуар,true,0,Автотовары_True_0,628296,
https://cdn1.ozone.ru/s3/multimedia-8/6904063556.jpg,Crazy Getup CYSM Комплект постельного белья милые мама и ленивец обнимаются,Комплект.постельного.белья,Дом и сад,Комплект постельного белья,false,1,Дом и сад_False_1,435497,
https://cdn1.ozone.ru/s3/multimedia-1-q/7235498366.jpg,"Куртка джинсовая Calvin Klein Jeans SUPER CROPPED, коричневый, 46;48",Куртка.джинсовая,Одежда,Куртка,false,1,Одежда_False_1,694392,
https://cdn1.ozone.ru/s3/multimedia-1-n/7042225487.jpg,"Колодки тормозные дисковые задние для Фольксваген Туарег 3 2018-2020, Volkswagen Touareg 3 колодки тормозные дисковые задние REMSA 1669.08, oem 8W0698451S",Колодки.тормозные,Автотовары,Тормозные колодки дисковые и барабанные,false,1,Автотовары_False_1,698724,
https://cdn1.ozone.ru/multimedia/1025882184.jpg,"Органайзер автомобильный Autoban, 37854, черный, 65 х 33 х 31 см",Органайзер.автомобильный,,,false,1,nan_False_1,1513751,
https://cdn1.ozone.ru/s3/multimedia-1-5/7382400737.jpg,"Чехол для хранения костюма, рубашек, платья 100% хлопок",Чехол.на.стойку.для.одежды,,,false,1,nan_False_1,4460508,
https://cdn1.ozone.ru/s3/multimedia-1-c/7183877880.jpg,"Противотуманная фара левая для Ауди ТТ 2006-2014, Audi TT противотуманная фара левая TYC 19-a794-01-9b, oem 8J0941699",Фары.противотуманные,Автотовары,Автомобильные фары,false,1,Автотовары_False_1,926192,
https://cdn1.ozone.ru/s3/multimedia-1-l/7151155941.jpg,Фигурка коллекционная Суккуб под покраску 18 см,Помощь.на.дороге,Детские товары,"Фигурки, наборы фигурок",true,0,Детские товары_True_0,619129,
https://cdn1.ozone.ru/multimedia/1026952743.jpg,Картридж BRITA Classic упаковка 1 шт.,Столовый.прибор.антикварный/винтажный,,,false,0,nan_False_0,2836427,
https://cdn1.ozone.ru/s3/multimedia-4/6586746124.jpg,Прожектор светодиодный с датчиком движения 10вт,Набор.для.выявления.следов.крови,,,false,0,nan_False_0,6755745,
https://cdn1.ozone.ru/s3/multimedia-z/6865200539.jpg,"Картридж каретки B910 68x124,0мм, 1.37""x24tpi, под квадрат, сталь 160066",Трос.тормозной,Спорт и отдых,Привод для велосипеда,true,0,Спорт и отдых_True_0,617308,
https://cdn1.ozone.ru/s3/multimedia-1-1/7077927313.jpg,Рюкзак,Рюкзак,Галантерея и аксессуары,Рюкзак,false,1,Галантерея и аксессуары_False_1,374960,
https://cdn1.ozone.ru/s3/multimedia-1-l/7182029901.jpg,"Большой пенопластовый самолет-игрушка для мальчиков и девочек 48x48 см, фиолетовый",Услуга.комбинированного/аппаратного.педикюра,Детские товары,Обучающая игра,true,1,Детские товары_True_1,934950,
https://cdn1.ozone.ru/s3/multimedia-1-c/7194527832.jpg,Wedgwood Чашка кофейная,Чашка.кофейная,Дом и сад,Кружка,false,1,Дом и сад_False_1,546646,
https://cdn1.ozone.ru/s3/multimedia-1-t/7026348089.jpg,Защитная сумка для игровой консоли Trimui Smart Pro,Чехол.для.игровой.приставки,,,false,0,nan_False_0,7282764,
https://cdn1.ozone.ru/s3/multimedia-1-n/7283754383.jpg,Тепловизионный коллиматор iRay xHolo HL13,Песок.для.рисования,,,false,0,nan_False_0,7265463,
https://cdn1.ozone.ru/s3/multimedia-q/6379973438.jpg,Паспарту 30х30,Вал.коленчатый,Хобби и творчество,Схема для вышивки,true,0,Хобби и творчество_True_0,52622,
https://cdn1.ozone.ru/s3/multimedia-1-z/7129852595.jpg,"Бутылочница в нижнюю базу 200 мм с доводчиком, левая",Крем.для.волос,,,false,0,nan_False_0,3659200,
https://cdn1.ozone.ru/s3/multimedia-1-v/7126060639.jpg,Фигурка Bandai PG 1/60 RX-78-2 Gundam Версия 2.0,Фигурка,Детские товары,"Фигурки, наборы фигурок",true,1,Детские товары_True_1,922387,
https://cdn1.ozone.ru/s3/multimedia-b/6645619667.jpg,"Бутылка для воды, плоская, прозрачная, 380 мл.",Обликва,Спорт и отдых,Шейкер спортивный,true,0,Спорт и отдых_True_0,165688,
https://cdn1.ozone.ru/s3/multimedia-1-e/7004565050.jpg,BwithU Страна чудес Mini Risse Bjd SD Шаровая кукла,Игровой.набор.с.куклой,Детские товары,Кукла,true,0,Детские товары_True_0,334448,
https://cdn1.ozone.ru/s3/multimedia-1-q/7141620014.jpg,Лычка на погоны Старший Сержант цвет золотой 2 шт 752244,Декор.для.одежды,Галантерея и аксессуары,Погоны,false,1,Галантерея и аксессуары_False_1,330200,
https://cdn1.ozone.ru/s3/multimedia-1-a/7399609714.jpg,"Картриджи для перманентного макияжа CM SUPPLY HARD 30/01 RLLT,20 шт",Костюм.сноубордический,,,false,0,nan_False_0,6676152,
https://cdn1.ozone.ru/s3/multimedia-2/6606425306.jpg,"Стабилизатор напряжения АСН-8,0К Comfort Ресанта - настенны",Стабилизатор.напряжения,Строительство и ремонт,Стабилизатор напряжения,true,0,Строительство и ремонт_True_0,932545,
https://cdn1.ozone.ru/s3/multimedia-n/6712971215.jpg,Вода парфюмерная .. Black Phantom Memento Mori 15 Years Anniversary Edition 20,Вода.парфюмерная,Красота и гигиена,Парфюмерная вода,true,1,Красота и гигиена_True_1,919389,
https://cdn1.ozone.ru/s3/multimedia-j/6113259115.jpg,Фоторамка пластик L-2 21х30 см чёрный (пластиковый экран),Фоторамка,Дом и сад,Фоторамка,false,1,Дом и сад_False_1,583951,
https://cdn1.ozone.ru/s3/multimedia-e/6721954142.jpg,Лубрикант на водной основе с ароматом ирисок WICKED AQUA Butterscotch - 60 мл.,Фото,Товары для взрослых,Аксессуары и наборы для ролевых игр,true,0,Товары для взрослых_True_0,739468,
https://cdn1.ozone.ru/s3/multimedia-j/6828056659.jpg,"Колодки тормозные дисковые задние для Опель Зафира А 1999-2006, Opel Zafira A колодки тормозные дисковые задние HI-Q SP1536, oem 1605995",Колодки.тормозные,Автотовары,Тормозные колодки дисковые и барабанные,false,1,Автотовары_False_1,665217,
https://cdn1.ozone.ru/s3/multimedia-1-d/7129456681.jpg,Подвесная люстра Lucia Tucci Natura 154.6,Люстра.потолочная,Строительство и ремонт,Светильник для дома,false,1,Строительство и ремонт_False_1,862529,
https://cdn1.ozone.ru/s3/multimedia-b/6067379555.jpg,"BranQ Ящик для хранения длина 37 см, ширина 27.4 см, высота 31.3 см.",Ящик.для.хранения,,,false,1,nan_False_1,3043239,
https://cdn1.ozone.ru/s3/multimedia-t/6463563389.jpg,Лампа бактерицидная ультрафиолетовая ДРТ-125-1,Кварцевая.лампа,,,false,1,nan_False_1,3761347,
https://cdn1.ozone.ru/s3/multimedia-1-r/7089125751.jpg,Диск переднего тормоза 7701208252 AMD.BD256 259x12мм для RENAULT Logan LS 2004-2015 Sandero BS0 2007- 259x12мм,Аксессуар.для.медицинских.приборов,,,false,0,nan_False_0,5485778,
https://cdn1.ozone.ru/s3/multimedia-1-w/6934071920.jpg,Матрас Dimax Emotion 145х185 серии Bliss,Матрас,Мебель,Матрас,false,1,Мебель_False_1,785299,
https://cdn1.ozone.ru/s3/multimedia-2/6708035774.jpg,Лежак ремонтный пластиковый подкатной 6 колес (480х990мм),Лежак.ремонтный,,,false,1,nan_False_1,6011887,
https://cdn1.ozone.ru/s3/multimedia-1/6841562221.jpg,10 м рождественские светодиодные умные сказочные гирля,Цветомузыка,Строительство и ремонт,Диско-светильник,true,1,Строительство и ремонт_True_1,932377,
https://cdn1.ozone.ru/s3/multimedia-1-b/7237802603.jpg,"Женское термобелье Uniqlo из шелка шелковицы с накладкой для груди, женское зимнее бархатное термобелье",Термолонгслив,Одежда,Термобелье,false,1,Одежда_False_1,626763,
https://cdn1.ozone.ru/s3/multimedia-1-v/7204949815.jpg,"Фотообои моющиеся ударопрочные ""Лес с частично укрытыми местами для пикника под шатром деревьев"" 400x300 см. флизелиновые на стену",Фотообои,Строительство и ремонт,Фотообои,false,1,Строительство и ремонт_False_1,91325,
https://cdn1.ozone.ru/s3/multimedia-1-k/7105599488.jpg,"Микросхема L7815CV 10 шт. стаб.напряжения +15В 1,5А TO-220",Шуба,Электроника,Электронные компоненты,true,0,Электроника_True_0,737966,
https://cdn1.ozone.ru/s3/multimedia-1-y/7212991102.jpg,Фаллоимитатор LETO M-SIZE FLESH,Фаллоимитатор,Товары для взрослых,Фаллоимитатор,false,1,Товары для взрослых_False_1,600514,
https://cdn1.ozone.ru/s3/multimedia-g/6854261092.jpg,Сборная модель Машинка Aoshima-06488 1/12 Kawasaki ZR400C ZEPHYR X 2009 Motorcycle model kit,Сборная.модель.мотоцикла,,,false,1,nan_False_1,4409207,
https://cdn1.ozone.ru/s3/multimedia-1-r/6953801931.jpg,Эжектор вакуумный пневматический CV-30,Звено.соединительное.для.спецтехники,,,false,0,nan_False_0,6117769,
https://cdn1.ozone.ru/s3/multimedia-1-3/7202417043.jpg,Женский свитшот в стиле пэчворк H&M,Толстовка.для.дома,Одежда,"Толстовка, худи, свитшот",true,1,Одежда_True_1,297733,
https://cdn1.ozone.ru/s3/multimedia-1-x/6918149049.jpg,"HOME Ершик для унитаза, 1 шт",Снежко-бластер,,,false,0,nan_False_0,2646729,
https://cdn1.ozone.ru/multimedia/1015970415.jpg,Бутсы для футзала 2K Sport,Бутсы.для.футзала,,,false,1,nan_False_1,2582657,
https://cdn1.ozone.ru/s3/multimedia-5/6090769829.jpg,"10 шт., кабель питания постоянного тока для мобильного автомобильного радио, совместимый с Motorola GM300 GM950E",Крепление.устройств.умного.дома,Электроника,Модуль расширения,false,1,Электроника_False_1,869617,
https://cdn1.ozone.ru/s3/multimedia-1/6872981617.jpg,Крем для тела моющий без воды 3 в1 Seni Care 500 мл,Косметическое.средство.по.уходу.за.больными,,,false,1,nan_False_1,5417356,
https://cdn1.ozone.ru/s3/multimedia-1-3/7042239867.jpg,"Фильтр масляный для Ауди А1 8X рестайлинг 2014-2018, Audi A1 8X рестайлинг фильтр масляный BOSCH F 026 407 023, oem 03L115562",Фильтр.масляный,Автотовары,Автофильтры,false,1,Автотовары_False_1,224915,
https://cdn1.ozone.ru/s3/multimedia-1-b/7071878099.jpg,"Угольник столярный, треугольник строительный металлический / прецизионная чертилка для отверстий, планировка 45/90 градусов",Клеммташи,,,false,0,nan_False_0,29564,
https://cdn1.ozone.ru/s3/multimedia-9/6103357593.jpg,"Apple Планшет iPad mini, 8.3"" 4 ГБ/256 ГБ, белый",Текстовыделитель,,,false,0,nan_False_0,1078205,
https://cdn1.ozone.ru/s3/multimedia-r/6009067851.jpg,Сандалии Patrol,Лезвия.канцелярские,,,false,0,nan_False_0,2259258,
https://cdn1.ozone.ru/multimedia/1005692720.jpg,Банные штучки Складной стол для сада,Складной.стол.для.сада,,,false,1,nan_False_1,3155829,
https://cdn1.ozone.ru/s3/multimedia-1-z/7194572819.jpg,Мышеловка гуманная живоловка для мышей,Фотоловушка,,,false,0,nan_False_0,7411012,
https://cdn1.ozone.ru/s3/multimedia-1-m/7199045194.jpg,Складная бленда для объектива-S,Смесь.лечебная.для.животных,Электроника,Бленда,true,0,Электроника_True_0,719413,
https://cdn1.ozone.ru/s3/multimedia-r/6887197971.jpg,Модель коллекционная Mini GT 1:64 BMW M4 M-Performance G82 Orange,Мишура,Антиквариат и коллекционирование,Модель коллекционная,true,0,Антиквариат и коллекционирование_True_0,204355,
https://cdn1.ozone.ru/s3/multimedia-1-6/7076008446.jpg,"Штуцер переходной М18х1,5 - 18х1,5 (ш-ш)",Фрезерная.машина,,,false,0,nan_False_0,6971001,
https://cdn1.ozone.ru/s3/multimedia-1-c/7132409040.jpg,melome Цепочка на тело Колье,Детектор.банкнот,,,false,0,nan_False_0,4430452,
https://cdn1.ozone.ru/s3/multimedia-i/6009826002.jpg,"Пробка для винных бутылок ""Пика"", 2,5х2х7,9см.",Аксессуар.для.винилового.проигрывателя,,,false,0,nan_False_0,7597275,
https://cdn1.ozone.ru/s3/multimedia-1-z/7090333415.jpg,"Крафт-мед ""Кешью в меду"", Империя меда, 2 X 240 гр",Курс.по.дошкольному.образованию,Продукты питания,Мед,true,0,Продукты питания_True_0,6419,
https://cdn1.ozone.ru/s3/multimedia-1-n/7129457195.jpg,Подвесная люстра Lightstar Cero 731247,Люстра.потолочная,Строительство и ремонт,Светильник для дома,false,1,Строительство и ремонт_False_1,822279,
https://cdn1.ozone.ru/s3/multimedia-1-k/7235490332.jpg,"Рубашка OLYMP Level Five, темно-синий, 52",Рубашка,Одежда,Рубашка,false,1,Одежда_False_1,566989,
https://cdn1.ozone.ru/s3/multimedia-a/6820902082.jpg,"Regent Держатель для ножей, длина 10 см",Активатор.загара,,,false,0,nan_False_0,187750,
https://cdn1.ozone.ru/s3/multimedia-1-a/7160126734.jpg,Женские угги TENDANCE,Угги,Обувь,"Угги, унты",false,1,Обувь_False_1,835397,
https://cdn1.ozone.ru/s3/multimedia-i/6864135174.jpg,"Декоративное уплотнение,Рождественская серия печатей для записных книжек - рождественская коробка подарков",Штамп.декоративный,Хобби и творчество,Штамп декоративный,false,1,Хобби и творчество_False_1,119786,
https://cdn1.ozone.ru/s3/multimedia-1-9/7147318833.jpg,Покрытия для унитаза одноразовые 10 штук (1 упаковка) рисунок милый котик,Маска.для.рыбалки.и.охоты,,,false,0,nan_False_0,6944396,
https://cdn1.ozone.ru/s3/multimedia-9/6484466085.jpg,"Насадка на рукоятку клюшки ExpoState (термоформовка), Желтая",Бочка.садовая,,,false,0,nan_False_0,6001670,
https://cdn1.ozone.ru/s3/multimedia-1-2/7191002990.jpg,"Фотообои моющиеся ударопрочные ""Осень деревенские поля, заполненные собранным сено"" 300x300 см. флизелиновые на стену",Фотообои,Строительство и ремонт,Фотообои,false,1,Строительство и ремонт_False_1,306441,
https://cdn1.ozone.ru/s3/multimedia-1-8/7205809472.jpg,Мужские наручные часы Q&Q Q620J401Y,Часы.наручные,Галантерея и аксессуары,Наручные часы,false,1,Галантерея и аксессуары_False_1,603844,
https://cdn1.ozone.ru/s3/multimedia-1-w/6924082100.jpg,"4 шт. Набор кружек с принтом ""Пионы в стиле поп-арт, с акцентом на декоративные элементы, такие как блестки и стразы, добавляющие объем и интерес"" 480 мл.",Кружка,Дом и сад,Кружка,false,1,Дом и сад_False_1,782247,
https://cdn1.ozone.ru/s3/multimedia-j/6334787743.jpg,"Ружейный ремень охотника РРО-3, плечевая накладка",Ремень.тактический,Спорт и отдых,Ремень тактический,true,1,Спорт и отдых_True_1,762388,
https://cdn1.ozone.ru/s3/multimedia-1-s/6996624688.jpg,Nike Air Max TN Кроссовки,Кроссовки,Обувь,Кроссовки,false,1,Обувь_False_1,126923,
https://cdn1.ozone.ru/s3/multimedia-1-g/7154207800.jpg,"Корм для кошек влажный PRIME NATURE Тунец с морским окунем в желе, пауч 100г, 12 шт.",Корм.влажный,Товары для животных,Корм консервированный,true,1,Товары для животных_True_1,915413,
https://cdn1.ozone.ru/s3/multimedia-1-j/7135572907.jpg,Двигатель для тепловой пушки,Комплект.для.монтажа.сервера,,,false,0,nan_False_0,3657093,
https://cdn1.ozone.ru/s3/multimedia-1-x/7181946717.jpg,Чайник_электрокотел,Обликва,Бытовая техника,Термопот,true,0,Бытовая техника_True_0,357788,
https://cdn1.ozone.ru/multimedia/1011499619.jpg,ILLA Сковорода ,Шуруп,,,false,0,nan_False_0,2363446,
https://cdn1.ozone.ru/s3/multimedia-u/6300693234.jpg,Arctiva S7 Quest перчатки зимние (размер: l),Дождевые.мотоперчатки,Автотовары,Мотозащита с размерами,true,1,Автотовары_True_1,180070,
https://cdn1.ozone.ru/s3/multimedia-9/6000070641.jpg,VALIANT Коврик противоскользящий для ванной 0.69х0.38 м,Сухоцветы,,,false,0,nan_False_0,3127710,
https://cdn1.ozone.ru/s3/multimedia-1-r/7184812707.jpg,Каштановый мёд Мёдовиль 350мл (470г) Урожай 2024,Топленый.жир,Продукты питания,Мед,true,0,Продукты питания_True_0,121577,
https://cdn1.ozone.ru/s3/multimedia-1-f/7182016827.jpg,"Хна индийская чёрная, 100 г_ набор с шапочкой+перчатками_Indibird",Средство.для.наращивания.волос,Красота и гигиена,Краска для волос,true,0,Красота и гигиена_True_0,484720,
https://cdn1.ozone.ru/s3/multimedia-1-g/7303528816.jpg,"IKEA Щетка для мытья овощей, фруктов, грибов, 1 шт",Аккумуляторный.кусторез,,,false,0,nan_False_0,6128254,
https://cdn1.ozone.ru/s3/multimedia-z/6060635627.jpg,Амортизатор зад прав Sachs арт. 317156,Амортизатор.подвески,Автотовары,Автозапчасти подвески,false,1,Автотовары_False_1,378585,
https://cdn1.ozone.ru/s3/multimedia-1-4/7238986888.jpg,"Интерьерная картина ""Трюк на велосипеде: человек выполняет трюк с вращением на уличном концерте, музыкальная атмосфера, веселье и энергия"" на холсте 120х90 см. с подвесами",Картина,Дом и сад,Картина,false,1,Дом и сад_False_1,145707,
https://cdn1.ozone.ru/s3/multimedia-1-v/7096951579.jpg,Рукоять для ножа НР40 граб,Заготовка.для.ножа,,,false,1,nan_False_1,5545331,
https://cdn1.ozone.ru/s3/multimedia-1-3/7213573371.jpg,"Фотообои моющиеся ударопрочные ""Туман в стиле пиксель-арт, руины древнего храма в тумане, созданные в пиксельном стиле"" 400x300 см. флизелиновые на стену",Фотообои,Строительство и ремонт,Фотообои,false,1,Строительство и ремонт_False_1,740960,
https://cdn1.ozone.ru/s3/multimedia-o/6642011064.jpg,"Пряжа YarnArt Samba Травка Ярнарт Самба, фантазийная, для игрушек, 530 болотный, 100 г 150 м, 5 шт",Рыбные.палочки,,,false,0,nan_False_0,1304176,
https://cdn1.ozone.ru/s3/multimedia-1-z/7175356343.jpg,Чехол-накладка для iPhone 16 Pro / Silicone Case MagSafe / Анимацией NFC / Ultramarine,Чехол.для.смартфона,Электроника,Чехол для смартфона,false,1,Электроника_False_1,807055,
https://cdn1.ozone.ru/s3/multimedia-k/6729622220.jpg,Пояс для спины ортопедический поясничный корсет,Корсет.ортопедический,,,false,1,nan_False_1,7852627,
https://cdn1.ozone.ru/multimedia/1036794084.jpg,"Крючок мебельный Kerron, KR 0400-10 OAB, оксидированная бронза",Игрушечный.робот,,,false,0,nan_False_0,1585134,
https://cdn1.ozone.ru/s3/multimedia-1-j/7257785671.jpg,Кормление домашних животных Shader Кошачья еда Ложка Измерительная ложка с зажимом для сухого корма Влажная еда Многофункциональная кухонная ложка 250 мл (розовый),Совок.для.корма,Товары для животных,Совок для корма,false,1,Товары для животных_False_1,575070,
https://cdn1.ozone.ru/s3/multimedia-1-1/7225938541.jpg,Брюки,Брюки,Одежда,Брюки,false,1,Одежда_False_1,79456,
https://cdn1.ozone.ru/s3/multimedia-1-9/6974349309.jpg,Адаптер Аудиопорта AUX Jack USB Для Hyundai Santa Fe 2007-2012 96120-2B000,Ремкомплект.автомобильной.двери,Автотовары,Дверь,false,1,Автотовары_False_1,122540,
https://cdn1.ozone.ru/s3/multimedia-1-z/7228511135.jpg,"Картина на холсте ""Коричневый натюрморт с фруктами на столе, освещённый мягким светом"" на подрамнике 75х75 см. для интерьера",Картина,Дом и сад,Картина,false,1,Дом и сад_False_1,612392,
https://cdn1.ozone.ru/s3/multimedia-1-m/7051799902.jpg,Тренажер для настольного тенниса,Бумажник.водителя,,,false,0,nan_False_0,788618,
https://cdn1.ozone.ru/s3/multimedia-1-x/7182020661.jpg,пуховик женский зимний ZARA,Пуховик,Одежда,Пуховик,true,1,Одежда_True_1,122378,
https://cdn1.ozone.ru/s3/multimedia-1-u/6934241874.jpg,Фотоаппарат Lomography LomoApparat 21mm Wide-angle Camera Chiyoda Edition,Седло.для.лошади,,,false,0,nan_False_0,6246660,
https://cdn1.ozone.ru/s3/multimedia-1-g/7051805116.jpg,Тип карты даптер бензобака емпинговая газовая плита Преобразовательная головка ксессуары для кемпинга,Обликва,Спорт и отдых,Аксессуары для горелок,true,0,Спорт и отдых_True_0,746194,
https://cdn1.ozone.ru/s3/multimedia-f/6252025647.jpg,Видеорегистратор автомобильный DVR 4 видео и аудио канала BestDVR-405Comfort-L код Mobile-SD БайтЭрг 1шт.,Обликва,Строительство и ремонт,Термоусадочная трубка,true,0,Строительство и ремонт_True_0,465789,
https://cdn1.ozone.ru/s3/multimedia-1-2/7179424778.jpg,Фильтр топливный GOODWILL FG2009,Обликва,Автотовары,Автофильтры,true,0,Автотовары_True_0,411986,
https://cdn1.ozone.ru/s3/multimedia-1-8/7129457324.jpg,Подвесная люстра Lightstar Globo 813137,Люстра.подвесная,Строительство и ремонт,Светильник для дома,false,1,Строительство и ремонт_False_1,211881,
https://cdn1.ozone.ru/s3/multimedia-y/6491808346.jpg,Карта географическая настенная. Мир Политический+Инфографика. ГЕОДОМ,Проживание.в.пансионате,Канцелярские товары,Настенная карта,true,0,Канцелярские товары_True_0,766259,
https://cdn1.ozone.ru/s3/multimedia-1-w/6946724192.jpg,"Зонт пляжный Maclay Классика , d 210 cм, h 200 см, цвет МИКС",Книга-пазл,Мебель,"Зонт пляжный, садовый",true,0,Мебель_True_0,519545,
https://cdn1.ozone.ru/s3/multimedia-i/6881761242.jpg,Кресло туалет для ребенок людейРегулируемые по высоте складныеНескользящийа грузоподъемность составляет 100 кг,Курс.по.заработку.в.сети,Аптека,Кресло-туалет,true,0,Аптека_True_0,941133,
https://cdn1.ozone.ru/s3/multimedia-1-c/7275296712.jpg,"Расширители хвата 12,7 см (пара) Original FitTools FT-GRIP-127-PAIR",Определитель.цвета,,,false,0,nan_False_0,6390175,
https://cdn1.ozone.ru/s3/multimedia-1-i/7075781190.jpg,Коллиматорный прицел Vector Optics VictOptics V3 1x22,Коллиматорный.прицел,Спорт и отдых,Прицел,true,1,Спорт и отдых_True_1,927779,
https://cdn1.ozone.ru/s3/multimedia-1-h/6931936457.jpg,"Цветная игрушка ""Растения против Зомби"": оливковый пулемет с мягкими гелевыми горошинами и кукурузным стрелком ""BigModern""]",Концевик,Хобби и творчество,Модели для сборки,true,0,Хобби и творчество_True_0,281549,
https://cdn1.ozone.ru/s3/multimedia-g/6677853352.jpg,"Силиконовый горшок 2 шт., 8,2-дюймовый квадратный антипригарный силиконовый вкладыш для фритюрницы, совместимый, синий + серый",ОФЭКТ,Дом и сад,Аксессуары для выпечки и запекания,true,0,Дом и сад_True_0,311271,
https://cdn1.ozone.ru/multimedia/1028528814.jpg,"Perfeo ТВ-тюнер PF_A4529 , черный",Копченая.рыба,,,false,0,nan_False_0,1703009,
https://cdn1.ozone.ru/s3/multimedia-v/6207906331.jpg,Сушуар,Напольная.сушилка,Красота и гигиена,Сушка для волос,true,0,Красота и гигиена_True_0,53923,
https://cdn1.ozone.ru/s3/multimedia-1-4/7068664624.jpg,Чехол для сварочной маски,Мотопомпа,,,false,0,nan_False_0,4366426,
https://cdn1.ozone.ru/s3/multimedia-n/6318859943.jpg,Пыж-контейнер Н27 / 12 калибр / 200 штук,"Пыжи,.компенсаторы,.прокладки",,,false,1,nan_False_1,35001,
https://cdn1.ozone.ru/s3/multimedia-1-3/6923147619.jpg,Акриловая фигурка Ensemble Stars статуэтка,Статуэтка,Детские товары,"Фигурки, наборы фигурок",true,1,Детские товары_True_1,414757,
https://cdn1.ozone.ru/s3/multimedia-1-b/7168274291.jpg,Плашкодержатель М12-М20 (G1/4-G1/2) тип 2,Фитиль.для.зажигалки,,,false,0,nan_False_0,7125359,
https://cdn1.ozone.ru/s3/multimedia-1-8/7144295192.jpg,Настенные часы Рубин 5021-003,Настенные.часы,Дом и сад,Часы настенные,false,1,Дом и сад_False_1,80901,
https://cdn1.ozone.ru/s3/multimedia-1-a/6980856310.jpg,50pcs Кукла Колтес Пряжка,Пенспиннинг,Детские товары,Аксессуары для кукол,true,0,Детские товары_True_0,913126,
https://cdn1.ozone.ru/s3/multimedia-i/6332788806.jpg,"Рассада Флокс Шиловидный Purple Beauty, С2 (2 литра) ЗКС",Рассада,Дом и сад,"Саженец, рассада",false,1,Дом и сад_False_1,240733,
https://cdn1.ozone.ru/s3/multimedia-1-v/7213646479.jpg,"Раскладной диван FINSOFFA ANN велюр Formula 110 (бежевый), диван-кровать с механизмом книжка и спальным местом на буковых опорах (206х90х86 см)",Прямой.диван,Мебель,Диван,false,1,Мебель_False_1,617356,
https://cdn1.ozone.ru/s3/multimedia-1-q/7297068230.jpg,"Elan Gallery Чайник заварочный ""айсберг волны (elan gallery)"", 600 мл",Набор.с.электрическим.чайником,,,false,0,nan_False_0,7790912,
https://cdn1.ozone.ru/s3/multimedia-1-1/7205057353.jpg,"Картина на холсте ""Египет в стиле гиперреализм, с изображением стойки с коврами и текстилем на фоне пустыни"" на подрамнике 75х40 см. для интерьера",Картина,Дом и сад,Картина,false,1,Дом и сад_False_1,886089,
https://cdn1.ozone.ru/multimedia/1003546651.jpg,"Плетеный шнур ""PE Ultra Spin Olive"", толщина 0,30 мм, длина 135 м",Мебель.для.кукол,,,false,0,nan_False_0,2176580,
https://cdn1.ozone.ru/s3/multimedia-1-h/7144466597.jpg,"Модульная картина на холсте ""Осень парочка, гуляющая по набережной, обнявшись под шарфами"" триптих на подрамнике 280х175 см. для интерьера",Картина,Дом и сад,Картина,false,1,Дом и сад_False_1,515048,
https://cdn1.ozone.ru/s3/multimedia-i/6892394958.jpg,"Защелка дверная шариковая для межкомнатных дверей Нора-М ЗШ2, матовый никель","Наконечник.для.шпаги,.рапиры",,,false,0,nan_False_0,5729154,
https://cdn1.ozone.ru/s3/multimedia-8/6839722376.jpg,Ботильоны,Ботильоны,Обувь,Ботильоны,false,1,Обувь_False_1,432379,
https://cdn1.ozone.ru/s3/multimedia-1-h/7213622669.jpg,"Фотообои моющиеся ударопрочные ""Космос в стиле гранж с граффити, вдохновленным космосом, наложенным на звезды и галактики"" 400x300 см. флизелиновые на стену",Фотообои,Строительство и ремонт,Фотообои,false,1,Строительство и ремонт_False_1,101056,
https://cdn1.ozone.ru/s3/multimedia-1-f/7033772319.jpg,"Вентиль Giacomini угловой термостатический, 1/2 (подключение термостатической головки 30x1,5 мм)",Клапаны.ГБЦ,,,false,0,nan_False_0,181053,
https://cdn1.ozone.ru/s3/multimedia-1-l/7065865713.jpg,"Кирпич облицовочный пустотелый красный флешинг, 200 шт.",Автоконсервант,,,false,0,nan_False_0,6892664,
https://cdn1.ozone.ru/s3/multimedia-l/6178390569.jpg,ПЭТ Автоматическая Чашка Стиральная Ног,Лапомойка,Товары для животных,Щетка для животных,true,1,Товары для животных_True_1,815630,
https://cdn1.ozone.ru/s3/multimedia-u/6755019510.jpg,Прокладка ГБЦ CHAKIN BRP SkiDoo 1200 420431051,Трос.радиатора.для.мотоцикла,Автотовары,Запчасти для мототехники,true,0,Автотовары_True_0,694358,
https://cdn1.ozone.ru/s3/multimedia-1-0/7180394796.jpg,"Футболка New Balance, черный, EU XL",Чай.в.пирамидках,Одежда,Футболка,true,0,Одежда_True_0,418863,
https://cdn1.ozone.ru/s3/multimedia-1-h/7188965945.jpg,Стилус цифровой емкостный для ручек с сенсорным экраном Ручки для рисования,Виниловая.простынь,,,false,0,nan_False_0,4470217,
https://cdn1.ozone.ru/s3/multimedia-1-u/7239000414.jpg,"худи с балаклавой,48",Куртка,Одежда,Куртка,false,1,Одежда_False_1,335738,
https://cdn1.ozone.ru/s3/multimedia-1-8/7129457828.jpg,Подвесная люстра Vitaluce V4935-8/6S,Люстра.потолочная,Строительство и ремонт,Светильник для дома,false,1,Строительство и ремонт_False_1,680243,
https://cdn1.ozone.ru/multimedia/1029099723.jpg,"DENSO Щетка стеклоочистителя бескаркасная, арт. EFR-070, 70 см",Проводной.звонок,,,false,0,nan_False_0,2119730,
https://cdn1.ozone.ru/s3/multimedia-2/6738270734.jpg,Кормушка для молока с четырьмя сосками силиконовая,Ролик.обводной.ремня.ГРМ,,,false,0,nan_False_0,5126527,
https://cdn1.ozone.ru/s3/multimedia-1-u/7172256342.jpg,"Аккумуляторная батарея Hailong 52V, комбинация 14S3P, 500 Вт, 12000 мАч, встроенная защита от зарядки BMS, подходит для нескольких велосипедных подвесок",Проектирование,Спорт и отдых,Электровелосипед,true,0,Спорт и отдых_True_0,441293,
https://cdn1.ozone.ru/s3/multimedia-1-q/6917954354.jpg,EUKANUBA ADULT LARGE BREED 3 кг сухой корм для взрослых собак крупных пород,Проживание.в.пансионате,Товары для животных,Корм сухой,true,0,Товары для животных_True_0,763387,
https://cdn1.ozone.ru/s3/multimedia-1-c/6943085580.jpg,контейнер батарей АА для прицела юкон/ pulsar/ yukon DNV,Крепление.радиостанции,,,false,0,nan_False_0,7019811,
https://cdn1.ozone.ru/s3/multimedia-5/6588615569.jpg,"Подставка для столовых приборов IDEA ""Вязание"", 11х15х20 см, цвет белый, ротанг",Подставка.для.зонтов,,,false,0,nan_False_0,7392446,
https://cdn1.ozone.ru/s3/multimedia-t/6853680101.jpg,"Карбидные насадки EZARC универсальные, для реноватора мультитула, полотно пильное, набор 3 шт.",Полотно,,,false,1,nan_False_1,6995601,
https://cdn1.ozone.ru/s3/multimedia-1-a/7181694082.jpg,Развертка Туламаш ручная 6 Н7 9ХС ГОСТ7722-77 ТМ 155265,Приставной.столик,Строительство и ремонт,Расходные материалы для инструмента,true,0,Строительство и ремонт_True_0,940294,
https://cdn1.ozone.ru/multimedia/1005787955.jpg,"Набор для химических экспериментов Qiddycome ""Нежный крем""",Сумка.для.мамы,,,false,0,nan_False_0,2342273,
https://cdn1.ozone.ru/s3/multimedia-f/6570153795.jpg,Кольцо импеллера BRP 140мм WC-03009-1,Подстаканник.электрический,,,false,0,nan_False_0,6274461,
https://cdn1.ozone.ru/s3/multimedia-4/6417045712.jpg,"Поилка для грызунов, 80 мл, крепление-пружинка, оранжевая",Миска.для.животных,Товары для животных,Миска для животных,false,1,Товары для животных_False_1,175698,
https://cdn1.ozone.ru/multimedia/1019443397.JPG,Lubby Соска молочная латексная малый поток S от 0 месяцев 2 шт,Соска,,,false,1,nan_False_1,1509251,
https://cdn1.ozone.ru/s3/multimedia-1-x/7118552805.jpg,"Чехлы для Форд Фокус 2 Чиа, Титаниум седан, хэтчбек, универсал (2005-2011) _ ПИЛОТ авточехлы на сиденья Ford Focus II Ghia_Titanium Sd, Hb, Wag, Ford Kuga I Trend,бежевый",Чехол.на.автомобиль,Автотовары,Чехол на сиденье,true,1,Автотовары_True_1,10865,
https://cdn1.ozone.ru/s3/multimedia-1-o/7190169756.jpg,Динамик для Samsung С200,Запчасть.для.мобильного.устройства,Электроника,Запчасти для телефонов,false,1,Электроника_False_1,420055,
https://cdn1.ozone.ru/s3/multimedia-1-o/7255884444.jpg,"Корректирующие наклейки OptiTech на оправу очков, утолщённые, прозрачные, 2.0х17.0 мм., подарочные, одна пара",Комплектующие.для.очков,Аптека,Комплектующие для очков (расходники и аксессуары),false,1,Аптека_False_1,158723,
https://cdn1.ozone.ru/s3/multimedia-4/6819820420.jpg,Электронная USB нагрузка XY-KZ35,Клей-расплав,,,false,0,nan_False_0,3818176,
https://cdn1.ozone.ru/s3/multimedia-1-e/7182013874.jpg,"Детская коляска для двоих детей, может сидеть, может лежать и складываться для хранения, заднее сиденье съемноеZLX3",Коляска.универсальная,Детские товары,Коляска-трансформер,true,1,Детские товары_True_1,736190,
https://cdn1.ozone.ru/s3/multimedia-1-6/7185076782.jpg,"Салфетки влажные CACTUS для экранов и оптики, туба 100шт. (CS-T1001E)",Ночник,,,false,0,nan_False_0,4147391,
https://cdn1.ozone.ru/s3/multimedia-k/6564901616.jpg,"Ходунки детские музыкальные Alis МИШКА, с игровой панелью и световыми эффектами, 8 колес, бежевый",Ходунки.детские,,,false,1,nan_False_1,3412395,
https://cdn1.ozone.ru/multimedia/1016783887.jpg,"Керамзит ""Peter Peat"", крупный, 2 л",Насос.вакуумный.для.пищевых.контейнеров.и.пакетов,,,false,0,nan_False_0,1773334,
https://cdn1.ozone.ru/s3/multimedia-1-3/7088413215.jpg,Трость металлическая тактильная складная 140 см.,Набор.для.уборки,,,false,0,nan_False_0,209875,
https://cdn1.ozone.ru/s3/multimedia-1-m/7037229082.jpg,"Саженец Барбарис Тунберга Silver Beauty, С5 (5 литров) ЗКС",Саженец,Дом и сад,"Саженец, рассада",false,1,Дом и сад_False_1,575213,
https://cdn1.ozone.ru/s3/multimedia-a/6794551774.jpg,"проволока оцинкованная сталистая 4,0 мм 30 метров",Клипса.для.клипсатора,,,false,0,nan_False_0,6019267,
https://cdn1.ozone.ru/s3/multimedia-t/6008221421.jpg,"borofone Наушники проводные, 3.5 мм, черный",Наушники,,,false,1,nan_False_1,2276265,
https://cdn1.ozone.ru/s3/multimedia-1-s/7273185688.jpg,Лента демпферная Howard 10шт 100мм х 20м х 8мм,Замок.декоративный,,,false,0,nan_False_0,841790,
https://cdn1.ozone.ru/s3/multimedia-1-2/7341024638.jpg,Шоколадные яйца с начинкой SNACKSY из 4-х вкусов по 43г.,Гигиеническая.помада,,,false,0,nan_False_0,5099501,
https://cdn1.ozone.ru/s3/multimedia-1-3/7008055491.jpg,"Подкрылок передний левый в Kia Sorento 2002-06, локер в автомобиль, 1 шт.",Подкрылки,Автотовары,Защита внешних частей автомобиля,false,1,Автотовары_False_1,271538,
https://cdn1.ozone.ru/s3/multimedia-a/6881937958.jpg,"Защитный чехол с подставкой, противоударный, устойчивый к царапинам, для портала Playstation",Чехол.для.игрового.контроллера,Электроника,Чехол для игровой приставки,true,0,Электроника_True_0,878775,
https://cdn1.ozone.ru/s3/multimedia-1-p/7372498237.jpg,"Ароматический диффузор для дома, ароматизатор для дома 4 шт 50 мл",Ароматический.диффузор,,,false,1,nan_False_1,7201186,
https://cdn1.ozone.ru/s3/multimedia-g/6817740460.jpg,DIDEEP Баллон для дайвинга,Игровой.комплекс.для.детей,,,false,0,nan_False_0,6123476,
https://cdn1.ozone.ru/s3/multimedia-j/6791368735.jpg,Тряпка,Набор.для.мыловарения,,,false,0,nan_False_0,4243317,
https://cdn1.ozone.ru/s3/multimedia-1-0/7278071112.jpg,"Мотоблок Shtenli 1900k-20PK1 PRO с мощностью 20 ЛС, валом отбора мощности, тремя передачами вперед и одной назад, шириной кульбивации 80-120 см., фарой",Грузоблочный.тренажер,,,false,0,nan_False_0,7812056,
https://cdn1.ozone.ru/s3/multimedia-1-0/7048902564.jpg,"Резинка для шитья отделочная, шнур эластичный, 0.6 см, 250 м",Запчасть.для.каяка/байдарки,Хобби и творчество,"Тесьма, кружево, лента, резинка",true,1,Хобби и творчество_True_1,913799,
https://cdn1.ozone.ru/multimedia/1024055800.jpg,ГЕЛЕОС Обложка для переплета,Монитор,,,false,0,nan_False_0,2196084,
https://cdn1.ozone.ru/s3/multimedia-1-r/7203227643.jpg,"Фотообои моющиеся ударопрочные ""Город в стиле пастельный рисунок, показывающие утреннее движение на мощёной улице с пробуждающимся городом"" 400x300 см. флизелиновые на стену",Фотообои,Строительство и ремонт,Фотообои,false,1,Строительство и ремонт_False_1,314959,
https://cdn1.ozone.ru/s3/multimedia-1-0/7042852440.jpg,"3d коврики в салон 4 шт. для Тойота Приус 2009-2015, Toyota Prius 3d коврики в салон 4 шт. Element ELEMENT3D48134210",Коврики.в.салон.автомобиля,Автотовары,Коврики в салон автомобиля,false,1,Автотовары_False_1,492934,
https://cdn1.ozone.ru/s3/multimedia-1-g/7030494088.jpg,Кисть для окрашивания волос T-1099 35мм,Кисть.косметическая,Красота и гигиена,Косметическая кисть,true,1,Красота и гигиена_True_1,928592,
https://cdn1.ozone.ru/s3/multimedia-1-a/6988807450.jpg,"Рассада Тысячелистник обыкновенный Pomegranate, С1 (1 литр) ЗКС",Рассада,Дом и сад,"Саженец, рассада",false,1,Дом и сад_False_1,707115,
https://cdn1.ozone.ru/s3/multimedia-d/6466012345.jpg,"Лоскут 50 x 50 см, мех длинноворсовый на трикотажной основе, цвет медовый",Обликва,Детские товары,Одежда для кукол,true,0,Детские товары_True_0,493497,
https://cdn1.ozone.ru/s3/multimedia-1-e/7144453706.jpg,"Картина на холсте ""Осень квесты, проведенные с друзьями среди лесов"" на подрамнике 40х75 см. для интерьера",Картина,Дом и сад,Картина,false,1,Дом и сад_False_1,668855,
https://cdn1.ozone.ru/s3/multimedia-1-v/7221574435.jpg,Мочеприемник мужской Утка Аверсус,Машинка.для.чистки.цепи,,,false,0,nan_False_0,5641815,
https://cdn1.ozone.ru/s3/multimedia-1-x/7266177861.jpg,Коврик для переодевания,Коврик.для.переодевания,,,false,1,nan_False_1,6158250,
https://cdn1.ozone.ru/s3/multimedia-1-0/7343331660.jpg,"IKEA Молоток для мяса, 29 см",Держатель.для.видеокарты,,,false,0,nan_False_0,862070,
https://cdn1.ozone.ru/s3/multimedia-1-j/7232290291.jpg,"Многофункциональная терка шинковка овощерезка (найсер дайсер, терка для корейской моркови, карвинга) 6 насадок с контейнером",Фрукто-овощерезка,,,false,1,nan_False_1,5853349,
https://cdn1.ozone.ru/s3/multimedia-1-o/6919241928.jpg,"Ключница настенная с 4 крюч., 1 шт",Шприц.солидолонагнетательный,,,false,0,nan_False_0,3928934,
https://cdn1.ozone.ru/s3/multimedia-1-5/7135427201.jpg,Пинетки,Полустельки.ортопедические,,,false,0,nan_False_0,7431715,
https://cdn1.ozone.ru/s3/multimedia-1-5/7165362029.jpg,Ryobi HP Угловая дрель ONE+ RAD18C-0 без аккумулятора в комплекте 5133004949,Прочие.элементы.велосипедного.привода,,,false,0,nan_False_0,4558831,
https://cdn1.ozone.ru/s3/multimedia-1-h/7042834817.jpg,"Фильтр салонный для Фольксваген Туарег 1 2002-2010, Volkswagen Touareg 1 фильтр салонный MANN-FILTER FP 2842, oem 7H0819631A",Фильтр.салонный,Автотовары,Автофильтры,false,1,Автотовары_False_1,228410,
https://cdn1.ozone.ru/s3/multimedia-4/6833190532.jpg,"G1/4"" Индикатор расхода воды Индикатор расходомера для водяного охлаждения ПК",Расходомер.жидкости,,,false,1,nan_False_1,3672892,
https://cdn1.ozone.ru/s3/multimedia-1-x/7063374021.jpg,Медаль,Одежда.для.животных,Антиквариат и коллекционирование,Медаль,true,0,Антиквариат и коллекционирование_True_0,638026,
https://cdn1.ozone.ru/s3/multimedia-p/6719372881.jpg,"совместимы с Лего Technic,Набор электроники для конструкторов, Силовой двигатель игрушки из строительного блока,Дистанционное программирование литиевой батареи, 14 шт",Конструктор.из.кирпичиков,Детские товары,Мягкий конструктор,true,0,Детские товары_True_0,255194,
https://cdn1.ozone.ru/s3/multimedia-1-b/7043877263.jpg,"Оплетка кабельная термоусаживаемая защитная RUICHI RT, 12/6",Радиоконструкторы.и.модули,Электроника,Электронные компоненты,true,0,Электроника_True_0,930306,
https://cdn1.ozone.ru/s3/multimedia-1-s/7203068488.jpg,"Фотообои моющиеся ударопрочные ""Природа в художественном стиле, виды на океан с высоких скал, разбивающиеся волны и голубое небо"" 200x300 см. флизелиновые на стену",Фотообои,Строительство и ремонт,Фотообои,false,1,Строительство и ремонт_False_1,425310,
https://cdn1.ozone.ru/s3/multimedia-2/6638671658.jpg,"Пилка для ногтей Dewal Beauty складная, 13,5 см",Пилка.для.маникюра,Красота и гигиена,Маникюрная пилка,true,1,Красота и гигиена_True_1,826079,
https://cdn1.ozone.ru/s3/multimedia-1-u/7228526718.jpg,"Интерьерная картина ""Коричневый кролик в поле луговых цветов, на фоне голубого неба"" на холсте 240х90 см. с подвесами",Картина,Дом и сад,Картина,false,1,Дом и сад_False_1,373309,
https://cdn1.ozone.ru/s3/multimedia-1-q/7229789090.jpg,"Постер ""Коричневый замысловатый орнамент на керамической тарелке"" для интерьера, 60х90 см.",Постер,Дом и сад,Постер,false,1,Дом и сад_False_1,4449,
https://cdn1.ozone.ru/s3/multimedia-1-j/7303425931.jpg,Крепление невидимое для пазлов и картин,Аксессуар.для.обогревателя,,,false,0,nan_False_0,5558061,
https://cdn1.ozone.ru/multimedia/1025699934.jpg,Туника Nota Bene,Профилактическое.средство,,,false,0,nan_False_0,1561341,
https://cdn1.ozone.ru/s3/multimedia-1-l/7205788317.jpg,"Фотообои моющиеся ударопрочные ""Город в стиле неоновый, уличные художники росписи, выступления уличных музыкантов, яркие гирлянды и огни"" 500x300 см. флизелиновые на стену",Фотообои,Строительство и ремонт,Фотообои,false,1,Строительство и ремонт_False_1,726251,
https://cdn1.ozone.ru/s3/multimedia-1-8/6957408428.jpg,Шлейф для Samsung P7300 Galaxy Tab + разъем гарнитуры + микрофон,Запчасть.для.мобильного.устройства,Электроника,Запчасти для телефонов,false,1,Электроника_False_1,539958,
https://cdn1.ozone.ru/s3/multimedia-i/6871266126.jpg,"Фоторамка пластик 21х30 см 4 серия, коричневый",Фоторамка,Дом и сад,Фоторамка,false,1,Дом и сад_False_1,386860,
https://cdn1.ozone.ru/s3/multimedia-1-m/7230588214.jpg,"Интерьерная картина ""Пионы в стиле поп-арт, использование градиентов и теней для создания объемного эффекта, игра с формами и цветами"" на холсте 60х90 см. с подвесами",Картина,Дом и сад,Картина,false,1,Дом и сад_False_1,783902,
https://cdn1.ozone.ru/multimedia/1005245803.jpg,Sharp Очиститель воздуха Sharp KC840E,Очиститель.воздуха,,,false,1,nan_False_1,1912684,
https://cdn1.ozone.ru/s3/multimedia-4/6022928260.jpg,Набор для бисероплетения Hobby & Pro Фигурки Животные №3,Счетчик.рядов,,,false,0,nan_False_0,2687112,
https://cdn1.ozone.ru/s3/multimedia-v/6016563631.jpg,"Набор рсчесок The Knot Dr Pro Mini Kit цвет Pomelo, салатовый, 2 шт",Прямой.диван,,,false,0,nan_False_0,3167088,
https://cdn1.ozone.ru/s3/multimedia-8/6851705840.jpg,Крепления для тормозного кабеля мотоцикла,Специнструмент.для.авто,Строительство и ремонт,Ключ,false,1,Строительство и ремонт_False_1,245542,
https://cdn1.ozone.ru/s3/multimedia-1-4/7158440308.jpg,"BEAUTY PODOLOGY Обезжириватель для ногтей, маникюра и педикюра, без глицерина, 250 мл",Рамекин,,,false,0,nan_False_0,4475431,
https://cdn1.ozone.ru/s3/multimedia-1-d/7081649797.jpg,Коллиматорный прицел Vector Optics Frenzy 1x17x24 (SCRD-19II),Коллиматорный.прицел,Спорт и отдых,Прицел,true,1,Спорт и отдых_True_1,921720,
https://cdn1.ozone.ru/s3/multimedia-c/6121617048.jpg,Амортизатор газомасляный KYB (R) KYB арт. 343255,Амортизатор.подвески,Автотовары,Автозапчасти подвески,false,1,Автотовары_False_1,25301,
https://cdn1.ozone.ru/s3/multimedia-1-w/7095432524.jpg,Подарочный новогодний набор: смешбук и восковые мелки В новый год только вперёд!,Записная.книжка,Канцелярские товары,"Блокнот, записная и телефонная книжка",true,1,Канцелярские товары_True_1,174685,
https://cdn1.ozone.ru/s3/multimedia-s/6233038000.jpg,"Фильтр масляный для Тойота Авенсис 3 2008-2015, Toyota Avensis 3 фильтр масляный MANN-FILTER HU 7009 Z, oem 04152YZZA5",Фильтр.масляный,Автотовары,Автофильтры,false,1,Автотовары_False_1,620307,
https://cdn1.ozone.ru/s3/multimedia-1-1/6919951177.jpg,Крепление к Sho-Me Combo Note WiFi,Комплект.для.крепления.видеорегистратора,,,false,1,nan_False_1,3367384,
https://cdn1.ozone.ru/s3/multimedia-1-2/7141992662.jpg,Шеврон на липучке Группа крови 2 + цвет оливковый 752304,Декор.для.одежды,Галантерея и аксессуары,Погоны,false,1,Галантерея и аксессуары_False_1,76893,
https://cdn1.ozone.ru/s3/multimedia-n/6751372235.jpg,"Аккумулятор BATT-5R для рации Midland GXT650 GXT500 GXT600 GXT400 GXT850VP4 / LXT210 LXT310 , Nautico NT1VP / PB-ATL G7",Держатель.для.зубной.щетки,,,false,0,nan_False_0,5994166,
https://cdn1.ozone.ru/s3/multimedia-1-l/7150404873.jpg,"Угги,Карамельный цвет,41",Унты,Обувь,"Угги, унты",true,0,Обувь_True_0,156798,
https://cdn1.ozone.ru/s3/multimedia-1-5/7213596917.jpg,Плакат на стену для интерьера JDM (Машина и девушка 5) - Постер по японским машинам ЖДМ формата А4 (21x30 см),Постер,Дом и сад,Постер,false,1,Дом и сад_False_1,608215,
https://cdn1.ozone.ru/s3/multimedia-i/6858025218.jpg,"Вешалка-карусель, 10 прищепок, диаметр 21.5см, пластик, цвет желтый, 1шт.",Органайзер.для.холодильника,,,false,0,nan_False_0,7608591,
https://cdn1.ozone.ru/s3/multimedia-1-p/7361856061.jpg,"Конфеты вафельные 35 в шоколаде со сливочной начинкой, 1.5 кг",Сумка.для.бега,,,false,0,nan_False_0,56831,
https://cdn1.ozone.ru/s3/multimedia-1-x/7195593885.jpg,"Кассовый ящик для денег с замком Форт 2M PUSH, черный, механический",Почтовый.ящик,Канцелярские товары,Сейф,true,0,Канцелярские товары_True_0,159913,
https://cdn1.ozone.ru/s3/multimedia-c/6026877288.jpg,Ботинки лыжные 75мм KIDS сине-серебряный р.35,Ботинки.лыжные,,,false,1,nan_False_1,1420349,
https://cdn1.ozone.ru/s3/multimedia-1-w/6924082100.jpg,"Кружка латте керамическая большая для чая и кофе с прикольным принтом ""Линии, рисующие символы, связанные с историей"" 480 мл.",Кружка,Дом и сад,Кружка,false,1,Дом и сад_False_1,242101,
https://cdn1.ozone.ru/s3/multimedia-1-p/7047047113.jpg,Футболка спортивная,Пончо.утепленное,Одежда,"Футболка, лонгслив спортивные",true,0,Одежда_True_0,948158,
https://cdn1.ozone.ru/s3/multimedia-1-y/7204969654.jpg,"Фотообои моющиеся ударопрочные ""Город в стиле маскот, детская площадка с веселыми маскотами, которые играют с детьми"" 300x300 см. флизелиновые на стену",Фотообои,Строительство и ремонт,Фотообои,false,1,Строительство и ремонт_False_1,44923,
https://cdn1.ozone.ru/s3/multimedia-1-a/7129457146.jpg,Подвесная люстра Vitaluce V1184/5,Люстра.подвесная,Строительство и ремонт,Светильник для дома,false,1,Строительство и ремонт_False_1,371016,
https://cdn1.ozone.ru/s3/multimedia-a/6047589886.jpg,VCTP Шплинты стальные Т-образные 20 x 2 мм для крепления лапок и головы к туловищу игрушек,Дарсонваль,,,false,0,nan_False_0,6647311,
https://cdn1.ozone.ru/s3/multimedia-1-z/7001937755.jpg,Фабрика Игр: Спортивная игра для улицы Петанк 6 серебрянных шаров / Бочче для компании,Набор.для.петанка,,,false,1,nan_False_1,7037475,
https://cdn1.ozone.ru/s3/multimedia-d/6017812453.jpg,"DEWAL Cosmetics Окислитель, 250 мл",Нож.туристический,,,false,0,nan_False_0,3100541,
https://cdn1.ozone.ru/s3/multimedia-4/6609753004.jpg,"Кроссовки,38,белый,39",Кроссовки,Обувь,Кроссовки,false,1,Обувь_False_1,26873,
https://cdn1.ozone.ru/s3/multimedia-1-p/7105713253.jpg,"Конверт для новорожденного весна осень лето, комплект на выписку из роддома",Комплект.на.выписку,Одежда,Комплект на выписку,false,1,Одежда_False_1,558669,
https://cdn1.ozone.ru/s3/multimedia-9/6638671593.jpg,Плата для антенны LSA-417 с ушами,Пресс.гидравлический,Электроника,ТВ антенна,true,0,Электроника_True_0,484207,
https://cdn1.ozone.ru/s3/multimedia-9/6808827609.jpg,Термопот Kitfort КТ-2510,Мультиварка-скороварка,Бытовая техника,Термопот,true,0,Бытовая техника_True_0,938535,
https://cdn1.ozone.ru/s3/multimedia-0/6014821236.jpg,"Tescoma Кружка пивная myBeer (Tescoma)  ""myBeer Icon"", 300 мл, 1 шт",Гель.для.бровей,,,false,0,nan_False_0,1847647,
https://cdn1.ozone.ru/s3/multimedia-1-d/7234648573.jpg,"ППТ 041.01.001, Подшипник трехпальцевой граблины на ППТ-041 Tukan Клевер_2шт.",Запчасть.для.пресс-подборщика,,,false,1,nan_False_1,7238268,
https://cdn1.ozone.ru/s3/multimedia-1-n/7082716955.jpg,Зум-окуляр SV135 1.25 дюйма 7 мм до 21 мм,Крепежная.база,Электроника,Телескоп,true,0,Электроника_True_0,622799,
https://cdn1.ozone.ru/s3/multimedia-q/6845538734.jpg,Запчасть Kyocera Узел проявки DV-560Y FS-C5200DN_C5300DN 302HN93023_302HN93020_302HN93021_302HN93022 302HN93023,Обликва,Электроника,"Запчасть принтера, МФУ",true,0,Электроника_True_0,713198,
https://cdn1.ozone.ru/s3/multimedia-1-p/6959462065.jpg,Автошина 175/70 R14C ROTALLA Radial 109 95/93T TL,GPS-трекер.для.питомца,,,false,0,nan_False_0,5409730,
https://cdn1.ozone.ru/multimedia/1001846708.jpg,Мягкий набор спортивных аксессуаров для Nintendo Wii,Контейнер.одноразовый,,,false,0,nan_False_0,2186340,
https://cdn1.ozone.ru/s3/multimedia-1-q/7220461670.jpg,сантиметровая лента рулетка,Садовый.триммер.бензиновый,,,false,0,nan_False_0,4556713,
https://cdn1.ozone.ru/s3/multimedia-1-s/7134524380.jpg,7шт M Performance Глянцевая черная Красная Спортивная внутренняя отделка LHD ДЛЯ BMW F30 F31 F34,Фильтр.для.ГСМ,Автотовары,Расходные материалы,true,0,Автотовары_True_0,740935,
https://cdn1.ozone.ru/s3/multimedia-1-4/7238966116.jpg,"Серьги с сапфиром, бриллиантами из белого золота 585 пробы",Серьги.ювелирные,Ювелирные изделия,Серьги,false,1,Ювелирные изделия_False_1,279785,
https://cdn1.ozone.ru/s3/multimedia-1-1/7231497553.jpg,Мойка для кухни нержавеющая врезная 50*44 WISENT графит,Майка.бельевая,,,false,0,nan_False_0,7416998,
https://cdn1.ozone.ru/s3/multimedia-1-d/7205080189.jpg,"Фотообои моющиеся ударопрочные ""Цветы в стиле поль гоген, романтические мотивы, цветочные венки, мягкие пастельные тона, атмосферное освещение"" 600x300 см. флизелиновые на стену",Фотообои,Строительство и ремонт,Фотообои,false,1,Строительство и ремонт_False_1,316768,
https://cdn1.ozone.ru/s3/multimedia-h/6633838601.jpg,"Ветом 4, пробиотик для животных порошок 3 шт по 5г",Соль,,,false,0,nan_False_0,549915,
https://cdn1.ozone.ru/s3/multimedia-1-s/7238142532.jpg,Джиг-Головка Незацепляйка гр (5 шт),Мягкая.приманка.для.рыбалки,Спорт и отдых,Приманка рыболовная,false,1,Спорт и отдых_False_1,556069,
https://cdn1.ozone.ru/s3/multimedia-q/6643916990.jpg,Развивающий набор Цвета и формы по методике Ф.Фрёбеля,Услуги.по.уходу.за.садом,Хобби и творчество,Головоломка,true,0,Хобби и творчество_True_0,560050,
https://cdn1.ozone.ru/s3/multimedia-1-z/7153830179.jpg,Запчасти для парикмахерских моек,Флакон.косметический,Красота и гигиена,Парикмахерская мойка,true,0,Красота и гигиена_True_0,677124,
https://cdn1.ozone.ru/s3/multimedia-1-b/7148599967.jpg,Детские товары+SHENGZI+Качалка-каталка E,Свитшот.для.малышей,,,false,0,nan_False_0,4804356,
https://cdn1.ozone.ru/s3/multimedia-1-q/7156684034.jpg,Бра LOFT IT Nuage Loft1163-1BL,Бра,Строительство и ремонт,Настенный светильник,false,1,Строительство и ремонт_False_1,244394,
https://cdn1.ozone.ru/s3/multimedia-w/6348987020.jpg,PB-5378 Натяжной ролик / Приводной LYNXauto LYNXauto арт. PB5378,Ролик.ремня.ГРМ,Автотовары,Основные автозапчасти,false,1,Автотовары_False_1,515601,
